acquisition_id,date,canal,campagne,depense,impressions,clics,ctr,sessions_site,temps_moyen_site_sec,taux_rebond,leads_generes,cpl
ACQ-00001,2026-04-01,instagram,insta_reels,35.88,6806,70,0.0104,63,60,0.62,5,7.18
ACQ-00002,2026-04-01,google_ads,ggl_musculation,94.04,2031,91,0.0451,84,95,0.53,3,31.35
ACQ-00003,2026-04-01,site_web,seo_direct,0,,,,176,124,0.45,0,
ACQ-00004,2026-04-01,recommandation,bao,0,,,,,,,2,
ACQ-00005,2026-04-02,instagram,insta_reels,48.54,6310,98,0.0156,84,84,0.68,1,48.54
ACQ-00006,2026-04-02,google_ads,ggl_musculation,94.61,2011,82,0.0409,74,107,0.48,1,94.61
ACQ-00007,2026-04-02,site_web,seo_direct,0,,,,176,133,0.44,1,
ACQ-00008,2026-04-02,recommandation,bao,0,,,,,,,0,
ACQ-00009,2026-04-03,instagram,insta_reels,43.7,6010,64,0.0108,60,93,0.63,2,21.85
ACQ-00010,2026-04-03,google_ads,ggl_coach,69.22,2117,63,0.0302,55,125,0.52,2,34.61
ACQ-00011,2026-04-03,site_web,seo_direct,0,,,,139,127,0.45,1,
ACQ-00012,2026-04-03,recommandation,bao,0,,,,,,,1,
ACQ-00013,2026-04-04,instagram,insta_reels,71.03,6574,105,0.016,94,81,0.59,3,23.68
ACQ-00014,2026-04-04,google_ads,ggl_musculation,69.15,1399,52,0.0373,46,129,0.43,3,23.05
ACQ-00015,2026-04-04,site_web,seo_direct,0,,,,152,164,0.49,1,
ACQ-00016,2026-04-04,recommandation,bao,0,,,,,,,2,
ACQ-00017,2026-04-05,instagram,insta_reels,28.04,4548,56,0.0124,49,61,0.6,4,7.01
ACQ-00018,2026-04-05,google_ads,ggl_salle_versailles,132.02,2035,98,0.0482,86,132,0.47,4,33.01
ACQ-00019,2026-04-05,site_web,seo_direct,0,,,,131,169,0.43,2,
ACQ-00020,2026-04-05,recommandation,bao,0,,,,,,,2,
ACQ-00021,2026-04-06,instagram,insta_rentree,40.92,6743,85,0.0127,74,54,0.58,4,10.23
ACQ-00022,2026-04-06,google_ads,ggl_coach,71.61,1434,70,0.0492,61,133,0.41,2,35.8
ACQ-00023,2026-04-06,site_web,seo_direct,0,,,,219,128,0.5,1,
ACQ-00024,2026-04-06,recommandation,bao,0,,,,,,,1,
ACQ-00025,2026-04-07,instagram,insta_rentree,19.68,3204,33,0.0103,30,84,0.69,2,9.84
ACQ-00026,2026-04-07,google_ads,ggl_musculation,73.14,1273,53,0.0417,45,110,0.42,1,73.14
ACQ-00027,2026-04-07,site_web,seo_direct,0,,,,124,137,0.48,0,
ACQ-00028,2026-04-07,recommandation,bao,0,,,,,,,0,
ACQ-00029,2026-04-08,instagram,insta_reels,52.47,8876,104,0.0118,98,80,0.58,4,13.12
ACQ-00030,2026-04-08,google_ads,ggl_musculation,87.83,2379,83,0.0351,75,108,0.43,1,87.83
ACQ-00031,2026-04-08,site_web,seo_direct,0,,,,139,144,0.42,2,
ACQ-00032,2026-04-08,recommandation,bao,0,,,,,,,1,
ACQ-00033,2026-04-09,instagram,insta_remiseforme,45.07,6975,69,0.01,65,71,0.64,4,11.27
ACQ-00034,2026-04-09,google_ads,ggl_musculation,160.26,2581,128,0.0498,115,122,0.55,2,80.13
ACQ-00035,2026-04-09,site_web,seo_direct,0,,,,183,133,0.5,1,
ACQ-00036,2026-04-09,recommandation,bao,0,,,,,,,1,
ACQ-00037,2026-04-10,instagram,insta_remiseforme,52.49,7407,112,0.0152,99,86,0.69,4,13.12
ACQ-00038,2026-04-10,google_ads,ggl_salle_versailles,117.2,2089,92,0.0444,85,123,0.45,2,58.6
ACQ-00039,2026-04-10,site_web,seo_direct,0,,,,137,154,0.45,2,
ACQ-00040,2026-04-10,recommandation,bao,0,,,,,,,1,
ACQ-00041,2026-04-11,instagram,insta_reels,44.64,6566,99,0.0152,84,76,0.56,1,44.64
ACQ-00042,2026-04-11,google_ads,ggl_musculation,67.53,1431,54,0.038,46,105,0.43,2,33.77
ACQ-00043,2026-04-11,site_web,seo_direct,0,,,,182,169,0.43,1,
ACQ-00044,2026-04-11,recommandation,bao,0,,,,,,,3,
ACQ-00045,2026-04-12,instagram,insta_reels,29.79,4680,41,0.0088,35,82,0.58,2,14.89
ACQ-00046,2026-04-12,google_ads,ggl_salle_versailles,60.05,1890,64,0.0342,59,130,0.48,3,20.02
ACQ-00047,2026-04-12,site_web,seo_direct,0,,,,138,159,0.44,0,
ACQ-00048,2026-04-12,recommandation,bao,0,,,,,,,3,
ACQ-00049,2026-04-13,instagram,insta_rentree,22.82,4006,49,0.0124,42,46,0.58,1,22.82
ACQ-00050,2026-04-13,google_ads,ggl_coach,106.47,1704,77,0.0456,68,129,0.41,1,106.47
ACQ-00051,2026-04-13,site_web,seo_direct,0,,,,202,165,0.49,0,
ACQ-00052,2026-04-13,recommandation,bao,0,,,,,,,0,
ACQ-00053,2026-04-14,instagram,insta_remiseforme,21.04,4585,40,0.0089,35,80,0.68,1,21.04
ACQ-00054,2026-04-14,google_ads,ggl_musculation,77.4,1674,70,0.0422,61,108,0.47,1,77.4
ACQ-00055,2026-04-14,site_web,seo_direct,0,,,,223,150,0.45,0,
ACQ-00056,2026-04-14,recommandation,bao,0,,,,,,,2,
ACQ-00057,2026-04-15,instagram,insta_reels,36.27,7821,70,0.009,65,47,0.65,3,12.09
ACQ-00058,2026-04-15,google_ads,ggl_musculation,111.16,2270,83,0.0367,79,96,0.4,3,37.05
ACQ-00059,2026-04-15,site_web,seo_direct,0,,,,255,133,0.41,2,
ACQ-00060,2026-04-15,recommandation,bao,0,,,,,,,1,
ACQ-00061,2026-04-16,instagram,insta_rentree,45.44,5625,66,0.0119,56,82,0.65,2,22.72
ACQ-00062,2026-04-16,google_ads,ggl_musculation,115.3,2274,98,0.0435,85,113,0.46,2,57.65
ACQ-00063,2026-04-16,site_web,seo_direct,0,,,,179,154,0.43,2,
ACQ-00064,2026-04-16,recommandation,bao,0,,,,,,,1,
ACQ-00065,2026-04-17,instagram,insta_rentree,37.17,5705,57,0.01,52,87,0.7,2,18.59
ACQ-00066,2026-04-17,google_ads,ggl_musculation,34.35,1105,36,0.0327,33,131,0.48,3,11.45
ACQ-00067,2026-04-17,site_web,seo_direct,0,,,,175,167,0.43,1,
ACQ-00068,2026-04-17,recommandation,bao,0,,,,,,,4,
ACQ-00069,2026-04-18,instagram,insta_rentree,31.02,5099,50,0.0099,43,68,0.59,2,15.51
ACQ-00070,2026-04-18,google_ads,ggl_musculation,71.51,1638,57,0.035,53,95,0.48,2,35.76
ACQ-00071,2026-04-18,site_web,seo_direct,0,,,,152,153,0.41,2,
ACQ-00072,2026-04-18,recommandation,bao,0,,,,,,,4,
ACQ-00073,2026-04-19,instagram,insta_rentree,30.51,3946,43,0.011,37,76,0.66,4,7.63
ACQ-00074,2026-04-19,google_ads,ggl_musculation,201.26,3368,165,0.0491,158,97,0.5,2,100.63
ACQ-00075,2026-04-19,site_web,seo_direct,0,,,,138,129,0.5,0,
ACQ-00076,2026-04-19,recommandation,bao,0,,,,,,,1,
ACQ-00077,2026-04-20,instagram,insta_reels,42.98,5969,61,0.0103,55,76,0.63,3,14.33
ACQ-00078,2026-04-20,google_ads,ggl_coach,136.98,2558,126,0.0495,118,138,0.53,2,68.49
ACQ-00079,2026-04-20,site_web,seo_direct,0,,,,200,130,0.4,2,
ACQ-00080,2026-04-20,recommandation,bao,0,,,,,,,2,
ACQ-00081,2026-04-21,instagram,insta_rentree,76.28,8094,127,0.0158,122,56,0.71,2,38.14
ACQ-00082,2026-04-21,google_ads,ggl_salle_versailles,118.32,2446,94,0.0385,84,136,0.54,2,59.16
ACQ-00083,2026-04-21,site_web,seo_direct,0,,,,285,154,0.46,2,
ACQ-00084,2026-04-21,recommandation,bao,0,,,,,,,1,
ACQ-00085,2026-04-22,instagram,insta_reels,31.79,5525,52,0.0095,49,48,0.61,4,7.95
ACQ-00086,2026-04-22,google_ads,ggl_salle_versailles,98.37,2373,101,0.0427,93,95,0.45,1,98.37
ACQ-00087,2026-04-22,site_web,seo_direct,0,,,,206,137,0.45,0,
ACQ-00088,2026-04-22,recommandation,bao,0,,,,,,,0,
ACQ-00089,2026-04-23,instagram,insta_remiseforme,56.34,6148,89,0.0145,80,50,0.69,2,28.17
ACQ-00090,2026-04-23,google_ads,ggl_coach,114.16,2779,93,0.0337,86,92,0.4,2,57.08
ACQ-00091,2026-04-23,site_web,seo_direct,0,,,,171,136,0.43,0,
ACQ-00092,2026-04-23,recommandation,bao,0,,,,,,,0,
ACQ-00093,2026-04-24,instagram,insta_rentree,57.43,5454,79,0.0145,74,57,0.62,3,19.14
ACQ-00094,2026-04-24,google_ads,ggl_musculation,87.72,2886,97,0.0339,91,125,0.42,3,29.24
ACQ-00095,2026-04-24,site_web,seo_direct,0,,,,187,145,0.42,1,
ACQ-00096,2026-04-24,recommandation,bao,0,,,,,,,3,
ACQ-00097,2026-04-25,instagram,insta_reels,88.74,9781,137,0.0141,120,59,0.71,2,44.37
ACQ-00098,2026-04-25,google_ads,ggl_musculation,56.99,1368,63,0.0462,55,95,0.42,3,19.0
ACQ-00099,2026-04-25,site_web,seo_direct,0,,,,235,163,0.41,2,
ACQ-00100,2026-04-25,recommandation,bao,0,,,,,,,1,
ACQ-00101,2026-04-26,instagram,insta_reels,33.84,5353,49,0.0092,43,69,0.69,2,16.92
ACQ-00102,2026-04-26,google_ads,ggl_salle_versailles,101.68,2693,107,0.0399,95,102,0.55,4,25.42
ACQ-00103,2026-04-26,site_web,seo_direct,0,,,,56,162,0.46,0,
ACQ-00104,2026-04-26,recommandation,bao,0,,,,,,,1,
ACQ-00105,2026-04-27,instagram,insta_rentree,38.09,4635,61,0.0133,53,67,0.71,4,9.52
ACQ-00106,2026-04-27,google_ads,ggl_coach,127.52,2784,123,0.0443,117,100,0.53,1,127.52
ACQ-00107,2026-04-27,site_web,seo_direct,0,,,,184,166,0.43,0,
ACQ-00108,2026-04-27,recommandation,bao,0,,,,,,,1,
ACQ-00109,2026-04-28,instagram,insta_remiseforme,32.97,4597,67,0.0147,63,85,0.61,2,16.48
ACQ-00110,2026-04-28,google_ads,ggl_musculation,86.33,2127,86,0.0408,77,113,0.53,0,
ACQ-00111,2026-04-28,site_web,seo_direct,0,,,,83,156,0.43,1,
ACQ-00112,2026-04-28,recommandation,bao,0,,,,,,,1,
ACQ-00113,2026-04-29,instagram,insta_remiseforme,66.57,7306,103,0.0141,97,55,0.63,3,22.19
ACQ-00114,2026-04-29,google_ads,ggl_musculation,89.79,2052,82,0.0404,74,132,0.47,3,29.93
ACQ-00115,2026-04-29,site_web,seo_direct,0,,,,167,166,0.42,1,
ACQ-00116,2026-04-29,recommandation,bao,0,,,,,,,1,
ACQ-00117,2026-04-30,instagram,insta_rentree,44.8,5550,79,0.0144,73,52,0.67,4,11.2
ACQ-00118,2026-04-30,google_ads,ggl_musculation,141.21,2557,114,0.0448,101,99,0.43,2,70.61
ACQ-00119,2026-04-30,site_web,seo_direct,0,,,,232,149,0.42,1,
ACQ-00120,2026-04-30,recommandation,bao,0,,,,,,,1,
ACQ-00121,2026-05-01,instagram,insta_remiseforme,38.57,5388,52,0.0097,50,69,0.58,2,19.29
ACQ-00122,2026-05-01,google_ads,ggl_coach,71.5,2060,65,0.0319,56,120,0.52,1,71.5
ACQ-00123,2026-05-01,site_web,seo_direct,0,,,,136,167,0.49,0,
ACQ-00124,2026-05-01,recommandation,bao,0,,,,,,,0,
ACQ-00125,2026-05-02,instagram,insta_reels,62.16,9596,96,0.0101,85,60,0.63,4,15.54
ACQ-00126,2026-05-02,google_ads,ggl_salle_versailles,148.47,2708,108,0.04,96,119,0.54,0,
ACQ-00127,2026-05-02,site_web,seo_direct,0,,,,139,123,0.5,2,
ACQ-00128,2026-05-02,recommandation,bao,0,,,,,,,1,
ACQ-00129,2026-05-03,instagram,insta_rentree,33.13,4604,63,0.0137,55,76,0.68,1,33.13
ACQ-00130,2026-05-03,google_ads,ggl_salle_versailles,155.77,2845,120,0.0424,106,108,0.54,1,155.77
ACQ-00131,2026-05-03,site_web,seo_direct,0,,,,252,125,0.41,2,
ACQ-00132,2026-05-03,recommandation,bao,0,,,,,,,2,
ACQ-00133,2026-05-04,instagram,insta_remiseforme,69.12,7289,102,0.0141,96,64,0.61,2,34.56
ACQ-00134,2026-05-04,google_ads,ggl_coach,105.15,1967,96,0.0492,83,91,0.54,2,52.58
ACQ-00135,2026-05-04,site_web,seo_direct,0,,,,84,134,0.46,1,
ACQ-00136,2026-05-04,recommandation,bao,0,,,,,,,3,
ACQ-00137,2026-05-05,instagram,insta_reels,30.5,6031,48,0.008,42,65,0.69,4,7.62
ACQ-00138,2026-05-05,google_ads,ggl_coach,87.81,1909,76,0.0402,66,115,0.52,3,29.27
ACQ-00139,2026-05-05,site_web,seo_direct,0,,,,104,151,0.41,2,
ACQ-00140,2026-05-05,recommandation,bao,0,,,,,,,0,
ACQ-00141,2026-05-06,instagram,insta_rentree,42.26,7275,85,0.0117,74,83,0.71,3,14.09
ACQ-00142,2026-05-06,google_ads,ggl_musculation,73.59,1765,57,0.0326,49,114,0.42,0,
ACQ-00143,2026-05-06,site_web,seo_direct,0,,,,205,167,0.49,0,
ACQ-00144,2026-05-06,recommandation,bao,0,,,,,,,2,
ACQ-00145,2026-05-07,instagram,insta_remiseforme,30.76,5925,50,0.0085,45,91,0.66,3,10.25
ACQ-00146,2026-05-07,google_ads,ggl_coach,59.57,1424,66,0.0465,63,126,0.47,2,29.79
ACQ-00147,2026-05-07,site_web,seo_direct,0,,,,260,138,0.46,1,
ACQ-00148,2026-05-07,recommandation,bao,0,,,,,,,1,
ACQ-00149,2026-05-08,instagram,insta_reels,43.04,6299,71,0.0114,66,59,0.61,3,14.35
ACQ-00150,2026-05-08,google_ads,ggl_coach,100.78,1797,72,0.0406,65,108,0.46,1,100.78
ACQ-00151,2026-05-08,site_web,seo_direct,0,,,,262,154,0.46,0,
ACQ-00152,2026-05-08,recommandation,bao,0,,,,,,,0,
ACQ-00153,2026-05-09,instagram,insta_remiseforme,72.58,7651,110,0.0144,103,69,0.66,3,24.19
ACQ-00154,2026-05-09,google_ads,ggl_musculation,136.25,3336,106,0.0318,99,134,0.43,2,68.12
ACQ-00155,2026-05-09,site_web,seo_direct,0,,,,200,138,0.44,1,
ACQ-00156,2026-05-09,recommandation,bao,0,,,,,,,2,
ACQ-00157,2026-05-10,instagram,insta_rentree,47.23,7066,65,0.0093,56,61,0.64,4,11.81
ACQ-00158,2026-05-10,google_ads,ggl_salle_versailles,99.86,1702,81,0.0481,71,116,0.51,4,24.96
ACQ-00159,2026-05-10,site_web,seo_direct,0,,,,158,159,0.5,2,
ACQ-00160,2026-05-10,recommandation,bao,0,,,,,,,2,
ACQ-00161,2026-05-11,instagram,insta_rentree,22.69,4431,47,0.0107,42,80,0.71,5,4.54
ACQ-00162,2026-05-11,google_ads,ggl_salle_versailles,177.43,3016,135,0.0448,121,123,0.49,3,59.14
ACQ-00163,2026-05-11,site_web,seo_direct,0,,,,217,166,0.4,1,
ACQ-00164,2026-05-11,recommandation,bao,0,,,,,,,0,
ACQ-00165,2026-05-12,instagram,insta_reels,17.23,3291,34,0.0105,32,76,0.63,2,8.62
ACQ-00166,2026-05-12,google_ads,ggl_coach,204.98,3833,179,0.0467,157,131,0.51,1,204.98
ACQ-00167,2026-05-12,site_web,seo_direct,0,,,,199,159,0.4,1,
ACQ-00168,2026-05-12,recommandation,bao,0,,,,,,,2,
ACQ-00169,2026-05-13,instagram,insta_reels,38.42,5585,67,0.012,59,82,0.61,3,12.81
ACQ-00170,2026-05-13,google_ads,ggl_salle_versailles,103.29,2681,89,0.0335,84,129,0.44,2,51.65
ACQ-00171,2026-05-13,site_web,seo_direct,0,,,,171,158,0.49,1,
ACQ-00172,2026-05-13,recommandation,bao,0,,,,,,,1,
ACQ-00173,2026-05-14,instagram,insta_remiseforme,44.92,4781,65,0.0136,61,71,0.68,2,22.46
ACQ-00174,2026-05-14,google_ads,ggl_coach,63.94,1631,51,0.0315,47,106,0.5,3,21.31
ACQ-00175,2026-05-14,site_web,seo_direct,0,,,,289,133,0.45,1,
ACQ-00176,2026-05-14,recommandation,bao,0,,,,,,,1,
ACQ-00177,2026-05-15,instagram,insta_reels,32.63,5246,57,0.011,49,70,0.61,2,16.32
ACQ-00178,2026-05-15,google_ads,ggl_musculation,76.82,1873,81,0.0436,70,127,0.48,3,25.61
ACQ-00179,2026-05-15,site_web,seo_direct,0,,,,144,160,0.44,1,
ACQ-00180,2026-05-15,recommandation,bao,0,,,,,,,2,
ACQ-00181,2026-05-16,instagram,insta_reels,40.1,4660,71,0.0153,62,89,0.61,2,20.05
ACQ-00182,2026-05-16,google_ads,ggl_coach,100.98,2058,99,0.0485,85,108,0.54,2,50.49
ACQ-00183,2026-05-16,site_web,seo_direct,0,,,,208,121,0.47,2,
ACQ-00184,2026-05-16,recommandation,bao,0,,,,,,,1,
ACQ-00185,2026-05-17,instagram,insta_remiseforme,24.81,5678,45,0.008,42,68,0.55,2,12.4
ACQ-00186,2026-05-17,google_ads,ggl_coach,73.17,1786,81,0.0458,72,114,0.45,3,24.39
ACQ-00187,2026-05-17,site_web,seo_direct,0,,,,101,151,0.41,3,
ACQ-00188,2026-05-17,recommandation,bao,0,,,,,,,2,
ACQ-00189,2026-05-18,instagram,insta_remiseforme,64.21,7774,103,0.0133,99,86,0.6,3,21.4
ACQ-00190,2026-05-18,google_ads,ggl_coach,53.27,1047,39,0.0376,33,92,0.42,1,53.27
ACQ-00191,2026-05-18,site_web,seo_direct,0,,,,220,164,0.48,1,
ACQ-00192,2026-05-18,recommandation,bao,0,,,,,,,0,
ACQ-00193,2026-05-19,instagram,insta_reels,15.48,2445,22,0.0094,19,55,0.58,3,5.16
ACQ-00194,2026-05-19,google_ads,ggl_coach,102.7,2376,104,0.0439,94,113,0.52,3,34.23
ACQ-00195,2026-05-19,site_web,seo_direct,0,,,,189,135,0.43,3,
ACQ-00196,2026-05-19,recommandation,bao,0,,,,,,,1,
ACQ-00197,2026-05-20,instagram,insta_remiseforme,52.03,6017,86,0.0144,82,52,0.62,3,17.34
ACQ-00198,2026-05-20,google_ads,ggl_coach,127.79,2784,97,0.0349,83,95,0.51,3,42.6
ACQ-00199,2026-05-20,site_web,seo_direct,0,,,,253,153,0.44,0,
ACQ-00200,2026-05-20,recommandation,bao,0,,,,,,,1,
ACQ-00201,2026-05-21,instagram,insta_reels,36.49,6448,81,0.0126,78,54,0.62,5,7.3
ACQ-00202,2026-05-21,google_ads,ggl_coach,101.64,3295,108,0.0329,96,134,0.43,2,50.82
ACQ-00203,2026-05-21,site_web,seo_direct,0,,,,242,155,0.42,1,
ACQ-00204,2026-05-21,recommandation,bao,0,,,,,,,0,
ACQ-00205,2026-05-22,instagram,insta_reels,69.0,6217,92,0.0148,82,87,0.7,3,23.0
ACQ-00206,2026-05-22,google_ads,ggl_musculation,103.22,2732,82,0.0303,74,118,0.49,0,
ACQ-00207,2026-05-22,site_web,seo_direct,0,,,,172,161,0.49,2,
ACQ-00208,2026-05-22,recommandation,bao,0,,,,,,,2,
ACQ-00209,2026-05-23,instagram,insta_rentree,26.85,2690,42,0.0159,38,74,0.57,3,8.95
ACQ-00210,2026-05-23,google_ads,ggl_salle_versailles,130.33,2185,105,0.0484,100,126,0.43,4,32.58
ACQ-00211,2026-05-23,site_web,seo_direct,0,,,,180,125,0.45,2,
ACQ-00212,2026-05-23,recommandation,bao,0,,,,,,,1,
ACQ-00213,2026-05-24,instagram,insta_reels,20.07,5034,43,0.0087,38,74,0.66,4,5.02
ACQ-00214,2026-05-24,google_ads,ggl_musculation,151.0,2447,112,0.0461,104,109,0.44,2,75.5
ACQ-00215,2026-05-24,site_web,seo_direct,0,,,,167,160,0.44,2,
ACQ-00216,2026-05-24,recommandation,bao,0,,,,,,,2,
ACQ-00217,2026-05-25,instagram,insta_reels,26.85,4853,50,0.0105,42,47,0.6,4,6.71
ACQ-00218,2026-05-25,google_ads,ggl_musculation,145.07,2390,117,0.0492,109,111,0.43,1,145.07
ACQ-00219,2026-05-25,site_web,seo_direct,0,,,,162,159,0.47,3,
ACQ-00220,2026-05-25,recommandation,bao,0,,,,,,,1,
ACQ-00221,2026-05-26,instagram,insta_remiseforme,59.54,6707,93,0.014,82,80,0.67,4,14.88
ACQ-00222,2026-05-26,google_ads,ggl_salle_versailles,79.81,1679,60,0.0358,54,127,0.42,3,26.6
ACQ-00223,2026-05-26,site_web,seo_direct,0,,,,152,156,0.42,0,
ACQ-00224,2026-05-26,recommandation,bao,0,,,,,,,2,
ACQ-00225,2026-05-27,instagram,insta_remiseforme,36.12,6500,58,0.009,55,77,0.7,3,12.04
ACQ-00226,2026-05-27,google_ads,ggl_musculation,163.61,3153,123,0.0391,117,106,0.46,2,81.81
ACQ-00227,2026-05-27,site_web,seo_direct,0,,,,163,166,0.5,0,
ACQ-00228,2026-05-27,recommandation,bao,0,,,,,,,1,
ACQ-00229,2026-05-28,instagram,insta_reels,45.46,4884,77,0.0159,72,86,0.68,5,9.09
ACQ-00230,2026-05-28,google_ads,ggl_salle_versailles,124.67,3046,127,0.0417,112,134,0.55,2,62.34
ACQ-00231,2026-05-28,site_web,seo_direct,0,,,,164,156,0.42,0,
ACQ-00232,2026-05-28,recommandation,bao,0,,,,,,,2,
ACQ-00233,2026-05-29,instagram,insta_remiseforme,49.55,7230,76,0.0106,64,48,0.61,3,16.52
ACQ-00234,2026-05-29,google_ads,ggl_musculation,84.59,1810,89,0.0492,85,130,0.41,2,42.3
ACQ-00235,2026-05-29,site_web,seo_direct,0,,,,139,154,0.46,0,
ACQ-00236,2026-05-29,recommandation,bao,0,,,,,,,2,
ACQ-00237,2026-05-30,instagram,insta_reels,58.47,6918,98,0.0143,89,70,0.55,1,58.47
ACQ-00238,2026-05-30,google_ads,ggl_coach,147.14,2549,111,0.0439,101,104,0.47,0,
ACQ-00239,2026-05-30,site_web,seo_direct,0,,,,181,128,0.47,1,
ACQ-00240,2026-05-30,recommandation,bao,0,,,,,,,3,
ACQ-00241,2026-05-31,instagram,insta_remiseforme,39.74,5162,60,0.0117,54,83,0.63,3,13.25
ACQ-00242,2026-05-31,google_ads,ggl_coach,148.97,2507,112,0.045,106,122,0.54,0,
ACQ-00243,2026-05-31,site_web,seo_direct,0,,,,182,156,0.44,1,
ACQ-00244,2026-05-31,recommandation,bao,0,,,,,,,1,
ACQ-00245,2026-06-01,instagram,insta_rentree,27.87,5049,58,0.0115,50,52,0.67,1,27.87
ACQ-00246,2026-06-01,google_ads,ggl_salle_versailles,144.54,2283,107,0.0471,97,90,0.49,3,48.18
ACQ-00247,2026-06-01,site_web,seo_direct,0,,,,107,131,0.45,2,
ACQ-00248,2026-06-01,recommandation,bao,0,,,,,,,0,
ACQ-00249,2026-06-02,instagram,insta_rentree,40.6,5605,61,0.0109,57,47,0.69,4,10.15
ACQ-00250,2026-06-02,google_ads,ggl_coach,105.56,2146,94,0.044,81,104,0.43,3,35.19
ACQ-00251,2026-06-02,site_web,seo_direct,0,,,,266,126,0.43,0,
ACQ-00252,2026-06-02,recommandation,bao,0,,,,,,,0,
ACQ-00253,2026-06-03,instagram,insta_reels,31.74,5395,48,0.009,41,86,0.59,1,31.74
ACQ-00254,2026-06-03,google_ads,ggl_musculation,74.8,2040,64,0.0316,56,111,0.51,3,24.93
ACQ-00255,2026-06-03,site_web,seo_direct,0,,,,196,163,0.49,2,
ACQ-00256,2026-06-03,recommandation,bao,0,,,,,,,1,
ACQ-00257,2026-06-04,instagram,insta_remiseforme,15.16,2419,25,0.0106,21,64,0.61,1,15.16
ACQ-00258,2026-06-04,google_ads,ggl_coach,80.54,1932,68,0.0354,57,105,0.5,1,80.54
ACQ-00259,2026-06-04,site_web,seo_direct,0,,,,166,137,0.44,0,
ACQ-00260,2026-06-04,recommandation,bao,0,,,,,,,1,
ACQ-00261,2026-06-05,instagram,insta_rentree,66.83,8205,114,0.0139,98,58,0.68,2,33.41
ACQ-00262,2026-06-05,google_ads,ggl_coach,79.75,2366,88,0.0376,85,128,0.47,1,79.75
ACQ-00263,2026-06-05,site_web,seo_direct,0,,,,145,139,0.44,0,
ACQ-00264,2026-06-05,recommandation,bao,0,,,,,,,2,
ACQ-00265,2026-06-06,instagram,insta_rentree,40.58,7920,80,0.0102,70,62,0.58,3,13.53
ACQ-00266,2026-06-06,google_ads,ggl_salle_versailles,136.63,2322,108,0.0468,98,133,0.48,2,68.31
ACQ-00267,2026-06-06,site_web,seo_direct,0,,,,259,162,0.46,3,
ACQ-00268,2026-06-06,recommandation,bao,0,,,,,,,1,
ACQ-00269,2026-06-07,instagram,insta_rentree,36.25,4354,54,0.0126,49,45,0.69,1,36.25
ACQ-00270,2026-06-07,google_ads,ggl_salle_versailles,99.03,2343,74,0.0319,69,90,0.44,0,
ACQ-00271,2026-06-07,site_web,seo_direct,0,,,,183,156,0.42,4,
ACQ-00272,2026-06-07,recommandation,bao,0,,,,,,,0,
ACQ-00273,2026-06-08,instagram,insta_reels,23.39,5028,50,0.0101,47,82,0.64,2,11.7
ACQ-00274,2026-06-08,google_ads,ggl_salle_versailles,83.34,1618,60,0.0373,54,92,0.55,1,83.34
ACQ-00275,2026-06-08,site_web,seo_direct,0,,,,171,150,0.44,1,
ACQ-00276,2026-06-08,recommandation,bao,0,,,,,,,3,
ACQ-00277,2026-06-09,instagram,insta_rentree,69.07,7822,113,0.0145,96,47,0.7,3,23.02
ACQ-00278,2026-06-09,google_ads,ggl_salle_versailles,40.17,1016,43,0.0428,39,99,0.49,1,40.17
ACQ-00279,2026-06-09,site_web,seo_direct,0,,,,176,158,0.49,2,
ACQ-00280,2026-06-09,recommandation,bao,0,,,,,,,2,
ACQ-00281,2026-06-10,instagram,insta_rentree,25.8,6066,49,0.0081,42,82,0.55,1,25.8
ACQ-00282,2026-06-10,google_ads,ggl_salle_versailles,69.61,1143,53,0.0467,50,111,0.47,0,
ACQ-00283,2026-06-10,site_web,seo_direct,0,,,,122,139,0.4,0,
ACQ-00284,2026-06-10,recommandation,bao,0,,,,,,,1,
ACQ-00285,2026-06-11,instagram,insta_reels,46.05,5897,87,0.0148,82,49,0.65,3,15.35
ACQ-00286,2026-06-11,google_ads,ggl_salle_versailles,76.67,2004,63,0.0318,60,98,0.44,3,25.56
ACQ-00287,2026-06-11,site_web,seo_direct,0,,,,137,149,0.43,0,
ACQ-00288,2026-06-11,recommandation,bao,0,,,,,,,0,
ACQ-00289,2026-06-12,instagram,insta_reels,72.94,8380,114,0.0137,103,87,0.57,2,36.47
ACQ-00290,2026-06-12,google_ads,ggl_coach,47.3,1533,50,0.0331,45,101,0.53,3,15.77
ACQ-00291,2026-06-12,site_web,seo_direct,0,,,,167,154,0.49,1,
ACQ-00292,2026-06-12,recommandation,bao,0,,,,,,,2,
ACQ-00293,2026-06-13,instagram,insta_remiseforme,22.24,3883,38,0.01,33,69,0.61,3,7.41
ACQ-00294,2026-06-13,google_ads,ggl_salle_versailles,51.1,856,40,0.0471,35,118,0.52,3,17.03
ACQ-00295,2026-06-13,site_web,seo_direct,0,,,,251,157,0.44,0,
ACQ-00296,2026-06-13,recommandation,bao,0,,,,,,,2,
ACQ-00297,2026-06-14,instagram,insta_remiseforme,24.79,6593,54,0.0082,51,45,0.71,3,8.26
ACQ-00298,2026-06-14,google_ads,ggl_musculation,71.36,2147,72,0.0338,63,100,0.44,2,35.68
ACQ-00299,2026-06-14,site_web,seo_direct,0,,,,154,164,0.43,0,
ACQ-00300,2026-06-14,recommandation,bao,0,,,,,,,0,
ACQ-00301,2026-06-15,instagram,insta_remiseforme,20.65,4529,36,0.0081,32,48,0.65,3,6.88
ACQ-00302,2026-06-15,google_ads,ggl_musculation,129.36,2675,96,0.0361,87,99,0.42,1,129.36
ACQ-00303,2026-06-15,site_web,seo_direct,0,,,,179,123,0.44,1,
ACQ-00304,2026-06-15,recommandation,bao,0,,,,,,,0,
ACQ-00305,2026-06-16,instagram,insta_remiseforme,36.7,4826,49,0.0102,43,90,0.64,3,12.23
ACQ-00306,2026-06-16,google_ads,ggl_musculation,82.64,1773,65,0.0371,56,92,0.43,3,27.55
ACQ-00307,2026-06-16,site_web,seo_direct,0,,,,263,167,0.47,0,
ACQ-00308,2026-06-16,recommandation,bao,0,,,,,,,1,
ACQ-00309,2026-06-17,instagram,insta_remiseforme,65.99,6983,101,0.0146,96,56,0.67,4,16.5
ACQ-00310,2026-06-17,google_ads,ggl_musculation,79.34,1926,84,0.0437,75,118,0.45,1,79.34
ACQ-00311,2026-06-17,site_web,seo_direct,0,,,,133,137,0.45,2,
ACQ-00312,2026-06-17,recommandation,bao,0,,,,,,,2,
ACQ-00313,2026-06-18,instagram,insta_remiseforme,41.38,6347,89,0.0141,82,58,0.68,2,20.69
ACQ-00314,2026-06-18,google_ads,ggl_salle_versailles,73.38,2299,78,0.034,70,133,0.46,1,73.38
ACQ-00315,2026-06-18,site_web,seo_direct,0,,,,236,121,0.45,0,
ACQ-00316,2026-06-18,recommandation,bao,0,,,,,,,2,
ACQ-00317,2026-06-19,instagram,insta_reels,37.12,6915,63,0.0092,55,84,0.64,2,18.56
ACQ-00318,2026-06-19,google_ads,ggl_musculation,137.68,3095,137,0.0444,130,102,0.5,3,45.89
ACQ-00319,2026-06-19,site_web,seo_direct,0,,,,150,122,0.4,1,
ACQ-00320,2026-06-19,recommandation,bao,0,,,,,,,2,
ACQ-00321,2026-06-20,instagram,insta_rentree,32.07,4517,46,0.0102,39,93,0.57,3,10.69
ACQ-00322,2026-06-20,google_ads,ggl_coach,55.74,1730,52,0.0305,47,127,0.47,1,55.74
ACQ-00323,2026-06-20,site_web,seo_direct,0,,,,197,162,0.4,1,
ACQ-00324,2026-06-20,recommandation,bao,0,,,,,,,1,
ACQ-00325,2026-06-21,instagram,insta_rentree,25.85,5398,47,0.0088,43,74,0.7,2,12.93
ACQ-00326,2026-06-21,google_ads,ggl_musculation,78.61,2625,83,0.0319,79,120,0.41,3,26.2
ACQ-00327,2026-06-21,site_web,seo_direct,0,,,,181,134,0.42,1,
ACQ-00328,2026-06-21,recommandation,bao,0,,,,,,,1,
ACQ-00329,2026-06-22,instagram,insta_reels,49.08,6123,77,0.0127,66,62,0.69,1,49.08
ACQ-00330,2026-06-22,google_ads,ggl_musculation,96.4,2852,89,0.0315,82,137,0.5,3,32.13
ACQ-00331,2026-06-22,site_web,seo_direct,0,,,,173,138,0.49,1,
ACQ-00332,2026-06-22,recommandation,bao,0,,,,,,,2,
