interaction_id,lead_id,proprietaire_id,type_interaction,date_heure,resultat,centralise,notes
INT-00001,LEAD-2026-0001,USR-01,appel,2026-05-12T13:31,joint,vrai,rappeler
INT-00002,LEAD-2026-0001,USR-01,appel,2026-05-13T14:51,joint,vrai,
INT-00003,LEAD-2026-0002,USR-02,sms,2026-06-08T22:49,non_joint,vrai,laisser un message
INT-00004,LEAD-2026-0002,USR-02,whatsapp,2026-06-09T22:02,rdv_pris,vrai,
INT-00005,LEAD-2026-0002,USR-02,sms,2026-06-11T20:31,joint,vrai,laisser un message
INT-00006,LEAD-2026-0002,USR-02,sms,2026-06-12T22:42,rdv_pris,vrai,laisser un message
INT-00007,LEAD-2026-0003,USR-02,appel,2026-04-15T17:33,rdv_pris,vrai,rappeler
INT-00008,LEAD-2026-0003,USR-02,whatsapp,2026-04-16T15:47,joint,vrai,
INT-00009,LEAD-2026-0004,USR-02,whatsapp,2026-05-17T10:38,refus,vrai,
INT-00010,LEAD-2026-0006,USR-02,whatsapp,2026-04-13T02:27,joint,vrai,laisser un message
INT-00011,LEAD-2026-0006,USR-02,appel,2026-04-18T19:50,joint,vrai,rappeler
INT-00012,LEAD-2026-0006,USR-02,instagram_dm,2026-04-15T04:09,non_joint,vrai,
INT-00013,LEAD-2026-0007,USR-02,whatsapp,2026-06-03T00:09,joint,vrai,
INT-00014,LEAD-2026-0007,USR-02,sms,2026-06-03T21:44,joint,vrai,rappeler
INT-00015,LEAD-2026-0007,USR-02,appel,2026-06-04T21:37,joint,vrai,rappeler
INT-00016,LEAD-2026-0007,USR-02,whatsapp,2026-06-06T00:36,rdv_pris,vrai,
INT-00017,LEAD-2026-0009,USR-02,appel,2026-06-12T12:01,non_joint,vrai,
INT-00018,LEAD-2026-0009,USR-02,appel,2026-06-13T14:33,joint,vrai,
INT-00019,LEAD-2026-0010,USR-02,appel,2026-04-19T21:15,joint,vrai,
INT-00020,LEAD-2026-0010,USR-02,instagram_dm,2026-04-20T13:01,rdv_pris,vrai,
INT-00021,LEAD-2026-0010,USR-02,email,2026-04-21T13:09,joint,vrai,rappeler
INT-00022,LEAD-2026-0012,USR-01,appel,2026-05-04T13:49,joint,vrai,
INT-00023,LEAD-2026-0012,USR-01,whatsapp,2026-05-05T15:56,refus,vrai,
INT-00024,LEAD-2026-0012,USR-01,whatsapp,2026-05-07T18:33,rdv_pris,vrai,RAS
INT-00025,LEAD-2026-0013,USR-02,instagram_dm,2026-05-14T13:35,non_joint,vrai,rappeler
INT-00026,LEAD-2026-0013,USR-02,appel,2026-05-15T12:59,joint,vrai,RAS
INT-00027,LEAD-2026-0013,USR-02,sms,2026-05-16T14:08,joint,vrai,
INT-00028,LEAD-2026-0013,USR-02,appel,2026-05-17T13:31,non_joint,vrai,RAS
INT-00029,LEAD-2026-0014,USR-01,whatsapp,2026-04-03T13:19,refus,vrai,RAS
INT-00030,LEAD-2026-0014,USR-01,whatsapp,2026-04-05T20:42,non_joint,vrai,rappeler
INT-00031,LEAD-2026-0015,USR-02,whatsapp,2026-04-02T21:39,joint,vrai,
INT-00032,LEAD-2026-0015,USR-02,sms,2026-04-02T23:25,non_joint,vrai,laisser un message
INT-00033,LEAD-2026-0015,USR-02,whatsapp,2026-04-04T20:58,rdv_pris,vrai,
INT-00034,LEAD-2026-0016,USR-02,sms,2026-05-09T22:17,non_joint,vrai,RAS
INT-00035,LEAD-2026-0016,USR-02,appel,2026-05-10T01:24,rdv_pris,vrai,RAS
INT-00036,LEAD-2026-0016,USR-02,appel,2026-05-10T18:37,rdv_pris,vrai,laisser un message
INT-00037,LEAD-2026-0016,USR-02,instagram_dm,2026-05-11T22:39,non_joint,vrai,laisser un message
INT-00038,LEAD-2026-0017,USR-02,appel,2026-05-06T10:52,non_joint,vrai,laisser un message
INT-00039,LEAD-2026-0017,USR-02,instagram_dm,2026-05-07T13:53,joint,vrai,rappeler
INT-00040,LEAD-2026-0017,USR-02,appel,2026-05-08T18:51,joint,vrai,rappeler
INT-00041,LEAD-2026-0017,USR-02,whatsapp,2026-05-09T12:21,non_joint,vrai,laisser un message
INT-00042,LEAD-2026-0018,USR-02,sms,2026-05-02T14:47,non_joint,vrai,rappeler
INT-00043,LEAD-2026-0018,USR-02,appel,2026-05-03T11:34,non_joint,vrai,laisser un message
INT-00044,LEAD-2026-0018,USR-02,appel,2026-05-05T09:47,rdv_pris,vrai,RAS
INT-00045,LEAD-2026-0020,USR-02,appel,2026-04-01T18:18,non_joint,vrai,laisser un message
INT-00046,LEAD-2026-0020,USR-02,email,2026-04-02T12:56,non_joint,vrai,
INT-00047,LEAD-2026-0020,USR-02,instagram_dm,2026-04-03T13:38,joint,vrai,
INT-00048,LEAD-2026-0020,USR-02,sms,2026-04-05T17:47,joint,vrai,laisser un message
INT-00049,LEAD-2026-0021,USR-02,sms,2026-05-10T20:35,refus,vrai,rappeler
INT-00050,LEAD-2026-0021,USR-02,instagram_dm,2026-05-11T18:02,rdv_pris,vrai,
INT-00051,LEAD-2026-0021,USR-02,email,2026-05-12T20:51,refus,vrai,RAS
INT-00052,LEAD-2026-0021,USR-02,appel,2026-05-13T11:45,joint,vrai,
INT-00053,LEAD-2026-0025,USR-01,whatsapp,2026-04-20T20:15,non_joint,vrai,
INT-00054,LEAD-2026-0025,USR-01,email,2026-04-22T21:34,joint,vrai,
INT-00055,LEAD-2026-0027,USR-02,instagram_dm,2026-05-30T11:52,joint,vrai,rappeler
INT-00056,LEAD-2026-0027,USR-02,sms,2026-06-01T14:44,joint,vrai,laisser un message
INT-00057,LEAD-2026-0027,USR-02,whatsapp,2026-06-01T10:20,joint,vrai,
INT-00058,LEAD-2026-0028,USR-02,sms,2026-04-21T21:27,joint,vrai,
INT-00059,LEAD-2026-0028,USR-02,appel,2026-04-23T00:11,non_joint,vrai,laisser un message
INT-00060,LEAD-2026-0028,USR-02,appel,2026-04-24T17:07,joint,vrai,rappeler
INT-00061,LEAD-2026-0028,USR-02,whatsapp,2026-04-27T16:08,rdv_pris,vrai,rappeler
INT-00062,LEAD-2026-0029,USR-02,appel,2026-06-19T00:15,non_joint,vrai,laisser un message
INT-00063,LEAD-2026-0030,USR-01,instagram_dm,2026-05-24T13:02,joint,vrai,
INT-00064,LEAD-2026-0032,USR-01,appel,2026-05-30T16:37,joint,vrai,rappeler
INT-00065,LEAD-2026-0032,USR-01,whatsapp,2026-05-30T19:50,joint,vrai,
INT-00066,LEAD-2026-0032,USR-01,appel,2026-05-31T12:50,refus,vrai,
INT-00067,LEAD-2026-0032,USR-01,appel,2026-06-06T13:37,joint,vrai,rappeler
INT-00068,LEAD-2026-0033,USR-02,appel,2026-04-07T15:47,rdv_pris,vrai,laisser un message
INT-00069,LEAD-2026-0033,USR-02,whatsapp,2026-04-08T19:38,non_joint,vrai,RAS
INT-00070,LEAD-2026-0033,USR-02,appel,2026-04-09T11:06,joint,vrai,rappeler
INT-00071,LEAD-2026-0034,USR-01,appel,2026-04-02T20:43,refus,vrai,laisser un message
INT-00072,LEAD-2026-0034,USR-01,appel,2026-04-03T18:00,rdv_pris,vrai,laisser un message
INT-00073,LEAD-2026-0034,USR-01,whatsapp,2026-04-05T23:57,non_joint,vrai,
INT-00074,LEAD-2026-0034,USR-01,instagram_dm,2026-04-10T19:59,rdv_pris,vrai,
INT-00075,LEAD-2026-0035,USR-02,appel,2026-06-04T12:52,joint,vrai,
INT-00076,LEAD-2026-0036,USR-02,whatsapp,2026-04-18T22:35,joint,vrai,laisser un message
INT-00077,LEAD-2026-0036,USR-02,appel,2026-04-19T23:29,joint,vrai,laisser un message
INT-00078,LEAD-2026-0036,USR-02,whatsapp,2026-04-26T20:13,joint,vrai,RAS
INT-00079,LEAD-2026-0036,USR-02,appel,2026-04-21T23:33,non_joint,vrai,
INT-00080,LEAD-2026-0037,USR-02,appel,2026-06-08T22:02,rdv_pris,vrai,
INT-00081,LEAD-2026-0037,USR-02,appel,2026-06-10T23:46,refus,vrai,
INT-00082,LEAD-2026-0038,USR-02,whatsapp,2026-05-09T18:10,rdv_pris,vrai,rappeler
INT-00083,LEAD-2026-0038,USR-02,sms,2026-05-10T19:02,rdv_pris,vrai,
INT-00084,LEAD-2026-0038,USR-02,sms,2026-05-11T14:17,non_joint,vrai,laisser un message
INT-00085,LEAD-2026-0039,USR-02,sms,2026-04-21T14:46,joint,vrai,rappeler
INT-00086,LEAD-2026-0039,USR-02,whatsapp,2026-04-28T14:29,rdv_pris,vrai,RAS
INT-00087,LEAD-2026-0039,USR-02,appel,2026-04-24T17:23,joint,vrai,RAS
INT-00088,LEAD-2026-0039,USR-02,appel,2026-04-24T22:29,non_joint,vrai,RAS
INT-00089,LEAD-2026-0040,USR-02,appel,2026-05-30T15:58,rdv_pris,vrai,RAS
INT-00090,LEAD-2026-0041,USR-02,sms,2026-04-25T17:30,rdv_pris,vrai,RAS
INT-00091,LEAD-2026-0041,USR-02,whatsapp,2026-04-25T22:14,joint,vrai,RAS
INT-00092,LEAD-2026-0045,USR-02,appel,2026-04-12T04:04,joint,vrai,
INT-00093,LEAD-2026-0045,USR-02,sms,2026-04-12T22:54,refus,vrai,
INT-00094,LEAD-2026-0045,USR-02,email,2026-04-14T04:58,joint,vrai,RAS
INT-00095,LEAD-2026-0046,USR-02,sms,2026-05-17T22:07,joint,vrai,
INT-00096,LEAD-2026-0046,USR-02,appel,2026-05-21T15:27,joint,vrai,rappeler
INT-00097,LEAD-2026-0048,USR-02,whatsapp,2026-06-12T04:09,non_joint,vrai,
INT-00098,LEAD-2026-0048,USR-02,email,2026-06-12T21:34,non_joint,vrai,RAS
INT-00099,LEAD-2026-0048,USR-02,appel,2026-06-13T23:58,refus,vrai,
INT-00100,LEAD-2026-0048,USR-02,whatsapp,2026-06-14T20:28,joint,vrai,
INT-00101,LEAD-2026-0050,USR-02,whatsapp,2026-05-14T14:23,joint,vrai,RAS
INT-00102,LEAD-2026-0050,USR-02,appel,2026-05-16T15:21,joint,vrai,rappeler
INT-00103,LEAD-2026-0050,USR-02,appel,2026-05-14T20:41,joint,vrai,RAS
INT-00104,LEAD-2026-0052,USR-02,whatsapp,2026-05-22T20:47,joint,vrai,
INT-00105,LEAD-2026-0052,USR-02,instagram_dm,2026-05-26T15:26,non_joint,vrai,
INT-00106,LEAD-2026-0053,USR-02,appel,2026-04-20T16:13,joint,vrai,RAS
INT-00107,LEAD-2026-0053,USR-02,email,2026-04-21T22:16,non_joint,vrai,
INT-00108,LEAD-2026-0054,USR-01,instagram_dm,2026-04-12T14:17,non_joint,vrai,laisser un message
INT-00109,LEAD-2026-0055,USR-02,email,2026-04-14T21:52,non_joint,vrai,laisser un message
INT-00110,LEAD-2026-0056,USR-02,whatsapp,2026-05-28T18:23,joint,vrai,rappeler
INT-00111,LEAD-2026-0057,USR-01,appel,2026-04-14T22:44,joint,vrai,
INT-00112,LEAD-2026-0060,USR-01,appel,2026-04-15T05:38,rdv_pris,vrai,rappeler
INT-00113,LEAD-2026-0060,USR-01,whatsapp,2026-04-15T22:09,non_joint,vrai,laisser un message
INT-00114,LEAD-2026-0060,USR-01,email,2026-04-16T21:53,non_joint,vrai,rappeler
INT-00115,LEAD-2026-0060,USR-01,whatsapp,2026-04-21T22:36,rdv_pris,vrai,rappeler
INT-00116,LEAD-2026-0061,USR-02,appel,2026-06-16T17:50,joint,vrai,
INT-00117,LEAD-2026-0061,USR-02,sms,2026-06-17T19:44,refus,vrai,
INT-00118,LEAD-2026-0061,USR-02,email,2026-06-19T17:08,non_joint,vrai,
INT-00119,LEAD-2026-0064,USR-02,whatsapp,2026-06-10T20:22,non_joint,vrai,laisser un message
INT-00120,LEAD-2026-0064,USR-02,appel,2026-06-12T00:42,non_joint,vrai,
INT-00121,LEAD-2026-0064,USR-02,instagram_dm,2026-06-13T06:39,non_joint,vrai,laisser un message
INT-00122,LEAD-2026-0065,USR-02,whatsapp,2026-05-07T01:22,non_joint,vrai,
INT-00123,LEAD-2026-0065,USR-02,whatsapp,2026-05-09T00:37,joint,vrai,laisser un message
INT-00124,LEAD-2026-0065,USR-02,appel,2026-05-10T00:27,joint,vrai,laisser un message
INT-00125,LEAD-2026-0066,USR-02,whatsapp,2026-05-12T20:20,non_joint,vrai,
INT-00126,LEAD-2026-0066,USR-02,whatsapp,2026-05-13T19:36,non_joint,vrai,
INT-00127,LEAD-2026-0067,USR-01,sms,2026-04-12T21:12,non_joint,vrai,
INT-00128,LEAD-2026-0069,USR-02,appel,2026-06-17T17:54,joint,vrai,RAS
INT-00129,LEAD-2026-0070,USR-02,appel,2026-06-19T21:19,rdv_pris,vrai,
INT-00130,LEAD-2026-0070,USR-02,appel,2026-06-20T13:47,refus,vrai,laisser un message
INT-00131,LEAD-2026-0070,USR-02,appel,2026-06-21T16:44,rdv_pris,vrai,laisser un message
INT-00132,LEAD-2026-0071,USR-02,instagram_dm,2026-05-24T02:41,joint,vrai,RAS
INT-00133,LEAD-2026-0071,USR-02,sms,2026-05-23T23:55,refus,vrai,laisser un message
INT-00134,LEAD-2026-0075,USR-02,sms,2026-06-20T22:30,joint,vrai,
INT-00135,LEAD-2026-0075,USR-02,sms,2026-06-21T20:17,joint,vrai,laisser un message
INT-00136,LEAD-2026-0075,USR-02,email,2026-06-19T23:20,non_joint,vrai,RAS
INT-00137,LEAD-2026-0077,USR-01,appel,2026-04-17T18:46,non_joint,vrai,laisser un message
INT-00138,LEAD-2026-0077,USR-01,whatsapp,2026-04-18T17:31,joint,vrai,
INT-00139,LEAD-2026-0079,USR-02,appel,2026-04-26T15:14,non_joint,vrai,laisser un message
INT-00140,LEAD-2026-0081,USR-02,instagram_dm,2026-05-11T17:52,rdv_pris,vrai,RAS
INT-00141,LEAD-2026-0081,USR-02,appel,2026-05-12T14:47,rdv_pris,vrai,
INT-00142,LEAD-2026-0083,USR-01,sms,2026-06-09T17:23,joint,vrai,
INT-00143,LEAD-2026-0083,USR-01,appel,2026-06-10T22:31,joint,vrai,RAS
INT-00144,LEAD-2026-0084,USR-02,appel,2026-05-24T13:52,non_joint,vrai,
INT-00145,LEAD-2026-0087,USR-02,appel,2026-05-03T12:13,non_joint,vrai,laisser un message
INT-00146,LEAD-2026-0087,USR-02,whatsapp,2026-05-10T09:51,joint,vrai,laisser un message
INT-00147,LEAD-2026-0087,USR-02,appel,2026-05-08T09:21,joint,vrai,
INT-00148,LEAD-2026-0087,USR-02,appel,2026-05-06T12:24,non_joint,vrai,
INT-00149,LEAD-2026-0088,USR-01,whatsapp,2026-05-21T19:18,refus,vrai,
INT-00150,LEAD-2026-0088,USR-01,appel,2026-05-23T18:24,joint,vrai,laisser un message
INT-00151,LEAD-2026-0088,USR-01,whatsapp,2026-05-24T00:30,joint,vrai,
INT-00152,LEAD-2026-0088,USR-01,sms,2026-05-27T16:06,non_joint,vrai,
INT-00153,LEAD-2026-0089,USR-02,appel,2026-04-22T18:36,joint,vrai,
INT-00154,LEAD-2026-0089,USR-02,instagram_dm,2026-04-20T23:18,non_joint,vrai,
INT-00155,LEAD-2026-0089,USR-02,appel,2026-04-22T01:28,non_joint,vrai,RAS
INT-00156,LEAD-2026-0090,USR-02,whatsapp,2026-05-06T13:35,refus,vrai,rappeler
INT-00157,LEAD-2026-0090,USR-02,appel,2026-05-08T00:11,non_joint,vrai,
INT-00158,LEAD-2026-0092,USR-02,whatsapp,2026-04-20T18:28,joint,vrai,laisser un message
INT-00159,LEAD-2026-0092,USR-02,sms,2026-04-21T12:50,rdv_pris,vrai,laisser un message
INT-00160,LEAD-2026-0092,USR-02,whatsapp,2026-04-22T13:43,refus,vrai,
INT-00161,LEAD-2026-0092,USR-02,whatsapp,2026-04-24T12:30,joint,vrai,rappeler
INT-00162,LEAD-2026-0093,USR-02,whatsapp,2026-05-04T20:28,refus,vrai,rappeler
INT-00163,LEAD-2026-0093,USR-02,sms,2026-05-05T18:49,joint,vrai,laisser un message
INT-00164,LEAD-2026-0093,USR-02,whatsapp,2026-05-06T21:05,joint,vrai,RAS
INT-00165,LEAD-2026-0094,USR-02,instagram_dm,2026-04-29T18:53,joint,vrai,laisser un message
INT-00166,LEAD-2026-0094,USR-02,appel,2026-04-29T20:29,joint,vrai,RAS
INT-00167,LEAD-2026-0094,USR-02,email,2026-04-30T20:52,rdv_pris,vrai,laisser un message
INT-00168,LEAD-2026-0097,USR-02,whatsapp,2026-04-07T17:57,joint,vrai,rappeler
INT-00169,LEAD-2026-0097,USR-02,email,2026-04-08T12:22,rdv_pris,vrai,
INT-00170,LEAD-2026-0098,USR-02,appel,2026-05-29T03:20,non_joint,vrai,laisser un message
INT-00171,LEAD-2026-0100,USR-02,whatsapp,2026-05-13T21:35,joint,vrai,laisser un message
INT-00172,LEAD-2026-0101,USR-01,sms,2026-04-03T22:17,refus,vrai,RAS
INT-00173,LEAD-2026-0101,USR-01,appel,2026-04-05T21:45,rdv_pris,vrai,rappeler
INT-00174,LEAD-2026-0101,USR-01,whatsapp,2026-04-09T19:17,joint,vrai,rappeler
INT-00175,LEAD-2026-0101,USR-01,sms,2026-04-06T19:35,joint,vrai,
INT-00176,LEAD-2026-0102,USR-02,whatsapp,2026-05-24T15:57,joint,vrai,RAS
INT-00177,LEAD-2026-0102,USR-02,whatsapp,2026-05-25T17:41,joint,vrai,rappeler
INT-00178,LEAD-2026-0102,USR-02,whatsapp,2026-05-27T22:14,rdv_pris,vrai,
INT-00179,LEAD-2026-0102,USR-02,email,2026-05-27T16:14,joint,vrai,laisser un message
INT-00180,LEAD-2026-0103,USR-02,whatsapp,2026-05-11T17:21,rdv_pris,vrai,
INT-00181,LEAD-2026-0103,USR-02,appel,2026-05-08T18:46,refus,vrai,laisser un message
INT-00182,LEAD-2026-0103,USR-02,appel,2026-05-08T19:00,rdv_pris,vrai,
INT-00183,LEAD-2026-0105,USR-02,whatsapp,2026-04-28T22:38,joint,vrai,rappeler
INT-00184,LEAD-2026-0105,USR-02,appel,2026-04-29T20:38,non_joint,vrai,rappeler
INT-00185,LEAD-2026-0107,USR-02,appel,2026-04-26T23:40,joint,vrai,laisser un message
INT-00186,LEAD-2026-0107,USR-02,appel,2026-04-29T01:26,non_joint,vrai,rappeler
INT-00187,LEAD-2026-0107,USR-02,appel,2026-04-28T21:39,non_joint,vrai,
INT-00188,LEAD-2026-0107,USR-02,whatsapp,2026-04-30T00:03,rdv_pris,vrai,
INT-00189,LEAD-2026-0109,USR-01,instagram_dm,2026-05-06T19:07,non_joint,vrai,
INT-00190,LEAD-2026-0111,USR-02,sms,2026-06-02T18:48,joint,vrai,laisser un message
INT-00191,LEAD-2026-0111,USR-02,sms,2026-06-01T04:21,rdv_pris,vrai,rappeler
INT-00192,LEAD-2026-0112,USR-01,sms,2026-06-01T02:55,refus,vrai,RAS
INT-00193,LEAD-2026-0112,USR-01,sms,2026-05-31T22:13,rdv_pris,vrai,laisser un message
INT-00194,LEAD-2026-0112,USR-01,appel,2026-06-03T01:33,non_joint,vrai,
INT-00195,LEAD-2026-0112,USR-01,whatsapp,2026-06-08T20:02,joint,vrai,rappeler
INT-00196,LEAD-2026-0113,USR-01,whatsapp,2026-05-19T17:33,refus,vrai,
INT-00197,LEAD-2026-0113,USR-01,appel,2026-05-15T19:56,joint,vrai,rappeler
INT-00198,LEAD-2026-0113,USR-01,whatsapp,2026-05-15T18:52,non_joint,vrai,laisser un message
INT-00199,LEAD-2026-0114,USR-01,sms,2026-06-06T02:04,rdv_pris,vrai,
INT-00200,LEAD-2026-0116,USR-02,appel,2026-05-28T20:57,joint,vrai,RAS
INT-00201,LEAD-2026-0116,USR-02,whatsapp,2026-05-24T20:43,non_joint,vrai,laisser un message
INT-00202,LEAD-2026-0116,USR-02,appel,2026-05-26T02:00,joint,vrai,
INT-00203,LEAD-2026-0119,USR-02,whatsapp,2026-04-23T01:09,joint,vrai,rappeler
INT-00204,LEAD-2026-0119,USR-02,appel,2026-04-23T23:03,joint,vrai,laisser un message
INT-00205,LEAD-2026-0120,USR-01,whatsapp,2026-05-10T10:55,non_joint,vrai,RAS
INT-00206,LEAD-2026-0121,USR-01,whatsapp,2026-06-08T21:33,non_joint,vrai,RAS
INT-00207,LEAD-2026-0121,USR-01,whatsapp,2026-06-09T04:16,joint,vrai,
INT-00208,LEAD-2026-0121,USR-01,appel,2026-06-09T18:58,joint,vrai,
INT-00209,LEAD-2026-0122,USR-02,appel,2026-04-27T22:32,joint,vrai,rappeler
INT-00210,LEAD-2026-0123,USR-02,sms,2026-05-15T16:43,joint,vrai,
INT-00211,LEAD-2026-0124,USR-02,email,2026-06-19T21:10,refus,vrai,RAS
INT-00212,LEAD-2026-0124,USR-02,appel,2026-06-22T02:20,refus,vrai,
INT-00213,LEAD-2026-0124,USR-02,sms,2026-06-22T01:46,rdv_pris,vrai,
INT-00214,LEAD-2026-0124,USR-02,email,2026-06-23T04:55,non_joint,vrai,
INT-00215,LEAD-2026-0126,USR-01,appel,2026-06-06T21:53,non_joint,vrai,rappeler
INT-00216,LEAD-2026-0126,USR-01,instagram_dm,2026-06-07T17:36,non_joint,vrai,laisser un message
INT-00217,LEAD-2026-0127,USR-02,sms,2026-04-16T12:18,non_joint,vrai,rappeler
INT-00218,LEAD-2026-0128,USR-02,appel,2026-05-08T20:36,joint,vrai,
INT-00219,LEAD-2026-0128,USR-02,email,2026-05-09T18:39,joint,vrai,laisser un message
INT-00220,LEAD-2026-0128,USR-02,instagram_dm,2026-05-10T23:01,joint,vrai,
INT-00221,LEAD-2026-0130,USR-01,appel,2026-05-19T13:17,non_joint,vrai,rappeler
INT-00222,LEAD-2026-0130,USR-01,email,2026-05-15T20:24,non_joint,vrai,laisser un message
INT-00223,LEAD-2026-0134,USR-02,sms,2026-05-18T14:11,non_joint,vrai,RAS
INT-00224,LEAD-2026-0135,USR-02,whatsapp,2026-05-03T00:21,non_joint,vrai,
INT-00225,LEAD-2026-0136,USR-02,appel,2026-06-08T23:04,joint,vrai,rappeler
INT-00226,LEAD-2026-0136,USR-02,sms,2026-06-15T18:21,joint,vrai,RAS
INT-00227,LEAD-2026-0136,USR-02,whatsapp,2026-06-10T21:01,refus,vrai,RAS
INT-00228,LEAD-2026-0137,USR-02,appel,2026-04-29T03:17,joint,vrai,
INT-00229,LEAD-2026-0137,USR-02,email,2026-04-29T18:56,refus,vrai,rappeler
INT-00230,LEAD-2026-0137,USR-02,appel,2026-05-01T02:29,non_joint,vrai,
INT-00231,LEAD-2026-0137,USR-02,appel,2026-05-02T00:59,non_joint,vrai,rappeler
INT-00232,LEAD-2026-0139,USR-01,sms,2026-06-07T00:54,rdv_pris,vrai,
INT-00233,LEAD-2026-0140,USR-02,appel,2026-05-28T19:58,joint,vrai,RAS
INT-00234,LEAD-2026-0140,USR-02,whatsapp,2026-05-29T18:30,refus,vrai,
INT-00235,LEAD-2026-0142,USR-01,appel,2026-05-09T21:11,joint,vrai,
INT-00236,LEAD-2026-0142,USR-01,appel,2026-05-14T20:30,non_joint,vrai,laisser un message
INT-00237,LEAD-2026-0143,USR-02,appel,2026-05-08T19:45,non_joint,vrai,rappeler
INT-00238,LEAD-2026-0143,USR-02,sms,2026-05-10T23:44,joint,vrai,
INT-00239,LEAD-2026-0144,USR-02,sms,2026-04-25T19:51,rdv_pris,vrai,laisser un message
INT-00240,LEAD-2026-0144,USR-02,appel,2026-04-27T03:19,rdv_pris,vrai,laisser un message
INT-00241,LEAD-2026-0145,USR-02,whatsapp,2026-05-02T17:31,refus,vrai,laisser un message
INT-00242,LEAD-2026-0145,USR-02,whatsapp,2026-05-03T14:31,non_joint,vrai,laisser un message
INT-00243,LEAD-2026-0145,USR-02,appel,2026-05-03T14:36,non_joint,vrai,
INT-00244,LEAD-2026-0145,USR-02,email,2026-05-04T12:06,non_joint,vrai,laisser un message
INT-00245,LEAD-2026-0146,USR-02,appel,2026-04-13T10:31,joint,vrai,laisser un message
INT-00246,LEAD-2026-0146,USR-02,appel,2026-04-09T17:33,rdv_pris,vrai,rappeler
INT-00247,LEAD-2026-0146,USR-02,email,2026-04-15T08:57,non_joint,vrai,rappeler
INT-00248,LEAD-2026-0148,USR-01,appel,2026-05-12T21:48,non_joint,vrai,laisser un message
INT-00249,LEAD-2026-0148,USR-01,email,2026-05-14T12:58,joint,vrai,laisser un message
INT-00250,LEAD-2026-0148,USR-01,email,2026-05-18T14:40,non_joint,vrai,
INT-00251,LEAD-2026-0149,USR-02,email,2026-04-30T02:56,non_joint,vrai,
INT-00252,LEAD-2026-0149,USR-02,appel,2026-04-29T22:23,refus,vrai,rappeler
INT-00253,LEAD-2026-0149,USR-02,appel,2026-04-30T22:44,refus,vrai,
INT-00254,LEAD-2026-0151,USR-02,email,2026-04-21T16:20,rdv_pris,vrai,rappeler
INT-00255,LEAD-2026-0154,USR-02,appel,2026-04-07T18:04,non_joint,vrai,rappeler
INT-00256,LEAD-2026-0154,USR-02,sms,2026-04-09T01:52,non_joint,vrai,RAS
INT-00257,LEAD-2026-0154,USR-02,appel,2026-04-15T17:12,non_joint,vrai,rappeler
INT-00258,LEAD-2026-0154,USR-02,appel,2026-04-10T19:18,joint,vrai,
INT-00259,LEAD-2026-0155,USR-02,whatsapp,2026-05-14T18:05,non_joint,vrai,laisser un message
INT-00260,LEAD-2026-0155,USR-02,whatsapp,2026-05-14T15:43,rdv_pris,vrai,RAS
INT-00261,LEAD-2026-0155,USR-02,email,2026-05-15T20:58,joint,vrai,
INT-00262,LEAD-2026-0156,USR-01,sms,2026-05-12T19:36,joint,vrai,laisser un message
INT-00263,LEAD-2026-0158,USR-02,sms,2026-06-16T16:22,joint,vrai,rappeler
INT-00264,LEAD-2026-0158,USR-02,sms,2026-06-22T13:10,joint,vrai,
INT-00265,LEAD-2026-0161,USR-02,appel,2026-04-01T21:56,rdv_pris,vrai,
INT-00266,LEAD-2026-0162,USR-02,sms,2026-05-27T22:12,non_joint,vrai,
INT-00267,LEAD-2026-0162,USR-02,email,2026-05-27T18:04,joint,vrai,
INT-00268,LEAD-2026-0162,USR-02,whatsapp,2026-06-01T17:00,joint,vrai,rappeler
INT-00269,LEAD-2026-0162,USR-02,whatsapp,2026-05-29T16:52,joint,vrai,
INT-00270,LEAD-2026-0163,USR-01,email,2026-04-05T14:48,non_joint,vrai,RAS
INT-00271,LEAD-2026-0163,USR-01,email,2026-04-06T14:57,refus,vrai,laisser un message
INT-00272,LEAD-2026-0163,USR-01,whatsapp,2026-04-07T13:52,non_joint,vrai,rappeler
INT-00273,LEAD-2026-0163,USR-01,whatsapp,2026-04-14T13:45,joint,vrai,laisser un message
INT-00274,LEAD-2026-0164,USR-02,appel,2026-05-13T18:18,refus,vrai,rappeler
INT-00275,LEAD-2026-0164,USR-02,appel,2026-05-15T13:17,non_joint,vrai,rappeler
INT-00276,LEAD-2026-0169,USR-02,appel,2026-04-02T22:38,joint,vrai,
INT-00277,LEAD-2026-0169,USR-02,whatsapp,2026-04-04T00:18,refus,vrai,rappeler
INT-00278,LEAD-2026-0170,USR-01,whatsapp,2026-04-20T12:58,non_joint,vrai,
INT-00279,LEAD-2026-0170,USR-01,sms,2026-04-21T11:39,non_joint,vrai,
INT-00280,LEAD-2026-0170,USR-01,sms,2026-04-22T13:08,refus,vrai,laisser un message
INT-00281,LEAD-2026-0170,USR-01,appel,2026-04-23T14:55,joint,vrai,RAS
INT-00282,LEAD-2026-0171,USR-02,email,2026-04-26T13:28,joint,vrai,rappeler
INT-00283,LEAD-2026-0172,USR-02,email,2026-06-14T20:46,refus,vrai,laisser un message
INT-00284,LEAD-2026-0173,USR-02,instagram_dm,2026-06-12T23:15,non_joint,vrai,RAS
INT-00285,LEAD-2026-0173,USR-02,email,2026-06-13T22:57,joint,vrai,laisser un message
INT-00286,LEAD-2026-0173,USR-02,appel,2026-06-15T03:09,non_joint,vrai,laisser un message
INT-00287,LEAD-2026-0174,USR-02,sms,2026-04-27T13:08,rdv_pris,vrai,RAS
INT-00288,LEAD-2026-0174,USR-02,whatsapp,2026-05-04T12:58,joint,vrai,rappeler
INT-00289,LEAD-2026-0176,USR-02,appel,2026-04-02T23:30,joint,vrai,RAS
INT-00290,LEAD-2026-0177,USR-02,sms,2026-05-22T21:39,joint,vrai,
INT-00291,LEAD-2026-0178,USR-01,appel,2026-05-10T06:14,joint,vrai,
INT-00292,LEAD-2026-0178,USR-01,instagram_dm,2026-05-10T01:35,joint,vrai,RAS
INT-00293,LEAD-2026-0178,USR-01,sms,2026-05-10T21:54,non_joint,vrai,RAS
INT-00294,LEAD-2026-0185,USR-01,appel,2026-04-06T20:24,joint,vrai,
INT-00295,LEAD-2026-0185,USR-01,whatsapp,2026-04-07T19:31,joint,vrai,RAS
INT-00296,LEAD-2026-0188,USR-02,appel,2026-05-26T16:30,non_joint,vrai,laisser un message
INT-00297,LEAD-2026-0188,USR-02,appel,2026-05-27T14:57,joint,vrai,
INT-00298,LEAD-2026-0188,USR-02,whatsapp,2026-05-28T13:42,non_joint,vrai,
INT-00299,LEAD-2026-0190,USR-02,appel,2026-04-28T19:25,non_joint,vrai,laisser un message
INT-00300,LEAD-2026-0190,USR-02,appel,2026-04-29T18:22,joint,vrai,laisser un message
INT-00301,LEAD-2026-0190,USR-02,email,2026-05-01T01:11,joint,vrai,
INT-00302,LEAD-2026-0192,USR-02,whatsapp,2026-05-19T20:07,refus,vrai,laisser un message
INT-00303,LEAD-2026-0194,USR-02,appel,2026-04-12T19:29,non_joint,vrai,laisser un message
INT-00304,LEAD-2026-0194,USR-02,whatsapp,2026-04-13T19:43,joint,vrai,
INT-00305,LEAD-2026-0194,USR-02,appel,2026-04-14T21:49,non_joint,vrai,
INT-00306,LEAD-2026-0194,USR-02,appel,2026-04-15T18:39,refus,vrai,
INT-00307,LEAD-2026-0195,USR-02,sms,2026-05-09T18:55,joint,vrai,
INT-00308,LEAD-2026-0195,USR-02,sms,2026-05-05T22:58,joint,vrai,RAS
INT-00309,LEAD-2026-0196,USR-02,appel,2026-04-25T17:52,joint,vrai,
INT-00310,LEAD-2026-0196,USR-02,whatsapp,2026-04-26T21:18,refus,vrai,laisser un message
INT-00311,LEAD-2026-0197,USR-02,whatsapp,2026-05-07T13:52,joint,vrai,
INT-00312,LEAD-2026-0197,USR-02,sms,2026-05-09T14:40,rdv_pris,vrai,RAS
INT-00313,LEAD-2026-0197,USR-02,appel,2026-05-09T22:42,non_joint,vrai,laisser un message
INT-00314,LEAD-2026-0198,USR-02,sms,2026-06-15T00:40,rdv_pris,vrai,rappeler
INT-00315,LEAD-2026-0198,USR-02,sms,2026-06-14T21:12,joint,vrai,laisser un message
INT-00316,LEAD-2026-0199,USR-02,appel,2026-04-23T09:10,rdv_pris,vrai,RAS
INT-00317,LEAD-2026-0199,USR-02,whatsapp,2026-04-30T11:13,joint,vrai,
INT-00318,LEAD-2026-0199,USR-02,appel,2026-04-25T16:35,joint,vrai,laisser un message
INT-00319,LEAD-2026-0199,USR-02,whatsapp,2026-04-26T13:22,joint,vrai,RAS
INT-00320,LEAD-2026-0200,USR-02,appel,2026-05-27T03:25,rdv_pris,vrai,
INT-00321,LEAD-2026-0200,USR-02,sms,2026-05-28T01:42,refus,vrai,
INT-00322,LEAD-2026-0200,USR-02,email,2026-05-29T22:42,joint,vrai,laisser un message
INT-00323,LEAD-2026-0203,USR-02,instagram_dm,2026-06-11T23:33,joint,vrai,RAS
INT-00324,LEAD-2026-0203,USR-02,email,2026-06-13T02:10,non_joint,vrai,rappeler
INT-00325,LEAD-2026-0203,USR-02,email,2026-06-12T21:35,joint,vrai,
INT-00326,LEAD-2026-0203,USR-02,sms,2026-06-14T19:51,rdv_pris,vrai,laisser un message
INT-00327,LEAD-2026-0205,USR-02,sms,2026-05-23T23:28,joint,vrai,
INT-00328,LEAD-2026-0205,USR-02,appel,2026-05-27T20:40,non_joint,vrai,RAS
INT-00329,LEAD-2026-0205,USR-02,appel,2026-05-25T21:09,non_joint,vrai,rappeler
INT-00330,LEAD-2026-0205,USR-02,whatsapp,2026-05-26T22:46,joint,vrai,laisser un message
INT-00331,LEAD-2026-0206,USR-02,whatsapp,2026-05-20T03:54,joint,vrai,RAS
INT-00332,LEAD-2026-0206,USR-02,whatsapp,2026-05-21T19:22,refus,vrai,laisser un message
INT-00333,LEAD-2026-0206,USR-02,whatsapp,2026-05-22T01:35,rdv_pris,vrai,RAS
INT-00334,LEAD-2026-0206,USR-02,appel,2026-05-24T00:39,joint,vrai,
INT-00335,LEAD-2026-0207,USR-02,whatsapp,2026-06-13T22:59,joint,vrai,
INT-00336,LEAD-2026-0207,USR-02,appel,2026-06-14T17:47,joint,vrai,
INT-00337,LEAD-2026-0207,USR-02,appel,2026-06-16T19:47,non_joint,vrai,RAS
INT-00338,LEAD-2026-0208,USR-02,whatsapp,2026-04-07T18:45,joint,vrai,laisser un message
INT-00339,LEAD-2026-0208,USR-02,appel,2026-04-07T18:06,non_joint,vrai,RAS
INT-00340,LEAD-2026-0208,USR-02,whatsapp,2026-04-09T16:02,non_joint,vrai,rappeler
INT-00341,LEAD-2026-0209,USR-02,sms,2026-05-09T20:30,joint,vrai,rappeler
INT-00342,LEAD-2026-0209,USR-02,whatsapp,2026-05-11T21:37,rdv_pris,vrai,laisser un message
INT-00343,LEAD-2026-0210,USR-02,appel,2026-06-10T00:42,refus,vrai,
INT-00344,LEAD-2026-0210,USR-02,sms,2026-06-09T17:16,rdv_pris,vrai,laisser un message
INT-00345,LEAD-2026-0210,USR-02,email,2026-06-13T18:21,joint,vrai,
INT-00346,LEAD-2026-0211,USR-02,appel,2026-04-19T18:38,non_joint,vrai,rappeler
INT-00347,LEAD-2026-0211,USR-02,appel,2026-04-17T05:36,non_joint,vrai,
INT-00348,LEAD-2026-0212,USR-02,appel,2026-06-07T21:32,refus,vrai,RAS
INT-00349,LEAD-2026-0212,USR-02,instagram_dm,2026-06-07T18:42,joint,vrai,RAS
INT-00350,LEAD-2026-0212,USR-02,sms,2026-06-09T20:48,joint,vrai,rappeler
INT-00351,LEAD-2026-0214,USR-02,appel,2026-05-26T15:02,rdv_pris,vrai,
INT-00352,LEAD-2026-0214,USR-02,appel,2026-05-26T13:57,rdv_pris,vrai,RAS
INT-00353,LEAD-2026-0215,USR-02,appel,2026-05-24T20:59,joint,vrai,rappeler
INT-00354,LEAD-2026-0216,USR-02,sms,2026-04-28T22:57,non_joint,vrai,rappeler
INT-00355,LEAD-2026-0216,USR-02,appel,2026-04-30T00:17,joint,vrai,
INT-00356,LEAD-2026-0216,USR-02,whatsapp,2026-04-30T21:07,joint,vrai,
INT-00357,LEAD-2026-0217,USR-02,sms,2026-04-15T19:10,non_joint,vrai,rappeler
INT-00358,LEAD-2026-0217,USR-02,appel,2026-04-22T17:52,rdv_pris,vrai,RAS
INT-00359,LEAD-2026-0217,USR-02,whatsapp,2026-04-19T01:00,joint,vrai,
INT-00360,LEAD-2026-0218,USR-02,appel,2026-04-16T19:28,joint,vrai,
INT-00361,LEAD-2026-0218,USR-02,appel,2026-04-17T19:38,non_joint,vrai,laisser un message
INT-00362,LEAD-2026-0218,USR-02,appel,2026-04-19T01:54,rdv_pris,vrai,rappeler
INT-00363,LEAD-2026-0218,USR-02,appel,2026-04-23T19:45,joint,vrai,rappeler
INT-00364,LEAD-2026-0223,USR-02,appel,2026-06-17T22:31,non_joint,vrai,rappeler
INT-00365,LEAD-2026-0224,USR-02,appel,2026-06-11T01:39,non_joint,vrai,rappeler
INT-00366,LEAD-2026-0224,USR-02,appel,2026-06-12T02:06,joint,vrai,laisser un message
INT-00367,LEAD-2026-0224,USR-02,appel,2026-06-13T23:00,refus,vrai,
INT-00368,LEAD-2026-0225,USR-02,sms,2026-04-17T00:55,rdv_pris,vrai,laisser un message
INT-00369,LEAD-2026-0225,USR-02,sms,2026-04-19T03:13,joint,vrai,
INT-00370,LEAD-2026-0225,USR-02,appel,2026-04-19T00:25,rdv_pris,vrai,laisser un message
INT-00371,LEAD-2026-0226,USR-02,email,2026-04-12T10:32,joint,vrai,rappeler
INT-00372,LEAD-2026-0226,USR-02,sms,2026-04-08T14:53,non_joint,vrai,
INT-00373,LEAD-2026-0227,USR-02,instagram_dm,2026-05-28T19:53,non_joint,vrai,
INT-00374,LEAD-2026-0228,USR-02,appel,2026-06-18T02:53,rdv_pris,vrai,
INT-00375,LEAD-2026-0228,USR-02,whatsapp,2026-06-19T20:30,rdv_pris,vrai,RAS
INT-00376,LEAD-2026-0228,USR-02,appel,2026-06-19T20:16,non_joint,vrai,
INT-00377,LEAD-2026-0228,USR-02,appel,2026-06-26T17:14,joint,vrai,
INT-00378,LEAD-2026-0229,USR-02,appel,2026-05-15T19:16,non_joint,vrai,laisser un message
INT-00379,LEAD-2026-0229,USR-02,instagram_dm,2026-05-16T18:22,rdv_pris,vrai,laisser un message
INT-00380,LEAD-2026-0229,USR-02,whatsapp,2026-05-20T15:28,refus,vrai,laisser un message
INT-00381,LEAD-2026-0231,USR-01,appel,2026-06-09T21:03,non_joint,vrai,
INT-00382,LEAD-2026-0232,USR-02,appel,2026-04-24T00:22,non_joint,vrai,
INT-00383,LEAD-2026-0232,USR-02,whatsapp,2026-04-24T20:54,refus,vrai,
INT-00384,LEAD-2026-0232,USR-02,sms,2026-04-25T22:31,rdv_pris,vrai,
INT-00385,LEAD-2026-0232,USR-02,instagram_dm,2026-04-28T03:00,joint,vrai,rappeler
INT-00386,LEAD-2026-0233,USR-01,whatsapp,2026-05-30T15:43,refus,vrai,RAS
INT-00387,LEAD-2026-0233,USR-01,appel,2026-05-31T14:47,non_joint,vrai,
INT-00388,LEAD-2026-0233,USR-01,sms,2026-06-05T12:51,joint,vrai,laisser un message
INT-00389,LEAD-2026-0235,USR-01,sms,2026-05-25T05:13,non_joint,vrai,
INT-00390,LEAD-2026-0236,USR-02,whatsapp,2026-04-16T20:32,rdv_pris,vrai,rappeler
INT-00391,LEAD-2026-0238,USR-01,whatsapp,2026-06-18T18:05,non_joint,vrai,
INT-00392,LEAD-2026-0238,USR-01,instagram_dm,2026-06-19T14:22,rdv_pris,vrai,rappeler
INT-00393,LEAD-2026-0239,USR-01,appel,2026-06-27T12:48,rdv_pris,vrai,rappeler
INT-00394,LEAD-2026-0241,USR-02,sms,2026-05-19T20:02,refus,vrai,
INT-00395,LEAD-2026-0241,USR-02,appel,2026-05-20T19:19,joint,vrai,
INT-00396,LEAD-2026-0241,USR-02,sms,2026-05-24T12:41,joint,vrai,
INT-00397,LEAD-2026-0241,USR-02,instagram_dm,2026-05-22T18:50,joint,vrai,RAS
INT-00398,LEAD-2026-0242,USR-01,whatsapp,2026-06-09T20:54,non_joint,vrai,RAS
INT-00399,LEAD-2026-0242,USR-01,appel,2026-06-09T22:14,non_joint,vrai,
INT-00400,LEAD-2026-0242,USR-01,whatsapp,2026-06-10T21:23,joint,vrai,
INT-00401,LEAD-2026-0242,USR-01,whatsapp,2026-06-11T21:32,non_joint,vrai,
INT-00402,LEAD-2026-0243,USR-02,instagram_dm,2026-04-12T19:34,non_joint,vrai,
INT-00403,LEAD-2026-0243,USR-02,appel,2026-04-13T22:48,non_joint,vrai,laisser un message
INT-00404,LEAD-2026-0244,USR-02,email,2026-05-20T23:50,non_joint,vrai,laisser un message
INT-00405,LEAD-2026-0244,USR-02,appel,2026-05-26T17:02,joint,vrai,rappeler
INT-00406,LEAD-2026-0244,USR-02,appel,2026-05-22T04:04,non_joint,vrai,RAS
INT-00407,LEAD-2026-0244,USR-02,sms,2026-05-22T18:37,rdv_pris,vrai,rappeler
INT-00408,LEAD-2026-0246,USR-02,sms,2026-05-10T13:04,non_joint,vrai,
INT-00409,LEAD-2026-0246,USR-02,appel,2026-05-12T18:41,rdv_pris,vrai,rappeler
INT-00410,LEAD-2026-0247,USR-01,whatsapp,2026-04-10T14:57,non_joint,vrai,
INT-00411,LEAD-2026-0247,USR-01,appel,2026-04-14T15:14,joint,vrai,
INT-00412,LEAD-2026-0248,USR-02,whatsapp,2026-04-01T18:13,refus,vrai,RAS
INT-00413,LEAD-2026-0249,USR-01,whatsapp,2026-04-24T11:19,joint,vrai,laisser un message
INT-00414,LEAD-2026-0249,USR-01,sms,2026-04-25T15:37,joint,vrai,laisser un message
INT-00415,LEAD-2026-0249,USR-01,whatsapp,2026-04-26T11:45,rdv_pris,vrai,
INT-00416,LEAD-2026-0250,USR-02,whatsapp,2026-05-09T22:01,non_joint,vrai,
INT-00417,LEAD-2026-0250,USR-02,whatsapp,2026-05-10T21:39,joint,vrai,rappeler
INT-00418,LEAD-2026-0250,USR-02,email,2026-05-11T22:03,non_joint,vrai,rappeler
INT-00419,LEAD-2026-0250,USR-02,instagram_dm,2026-05-12T23:27,refus,vrai,laisser un message
INT-00420,LEAD-2026-0251,USR-01,email,2026-04-24T13:30,rdv_pris,vrai,
INT-00421,LEAD-2026-0251,USR-01,whatsapp,2026-04-21T14:36,joint,vrai,laisser un message
INT-00422,LEAD-2026-0251,USR-01,appel,2026-04-22T19:54,non_joint,vrai,
INT-00423,LEAD-2026-0251,USR-01,whatsapp,2026-04-22T12:15,non_joint,vrai,
INT-00424,LEAD-2026-0252,USR-02,email,2026-05-05T17:49,rdv_pris,vrai,RAS
INT-00425,LEAD-2026-0252,USR-02,sms,2026-05-06T23:21,non_joint,vrai,RAS
INT-00426,LEAD-2026-0252,USR-02,sms,2026-05-07T16:33,joint,vrai,rappeler
INT-00427,LEAD-2026-0253,USR-02,instagram_dm,2026-04-16T04:13,joint,vrai,
INT-00428,LEAD-2026-0255,USR-01,sms,2026-05-19T20:00,non_joint,vrai,
INT-00429,LEAD-2026-0255,USR-01,appel,2026-05-19T17:40,rdv_pris,vrai,rappeler
INT-00430,LEAD-2026-0255,USR-01,appel,2026-05-20T18:03,non_joint,vrai,
INT-00431,LEAD-2026-0256,USR-02,appel,2026-06-14T17:30,non_joint,vrai,rappeler
INT-00432,LEAD-2026-0257,USR-01,whatsapp,2026-05-26T23:22,rdv_pris,vrai,RAS
INT-00433,LEAD-2026-0257,USR-01,whatsapp,2026-05-28T01:13,joint,vrai,
INT-00434,LEAD-2026-0257,USR-01,appel,2026-05-29T00:31,refus,vrai,rappeler
INT-00435,LEAD-2026-0259,USR-02,whatsapp,2026-05-22T19:50,joint,vrai,laisser un message
INT-00436,LEAD-2026-0259,USR-02,sms,2026-05-28T11:57,joint,vrai,
INT-00437,LEAD-2026-0259,USR-02,whatsapp,2026-05-24T11:41,joint,vrai,
INT-00438,LEAD-2026-0259,USR-02,email,2026-05-25T14:00,joint,vrai,rappeler
INT-00439,LEAD-2026-0260,USR-02,appel,2026-06-22T18:34,non_joint,vrai,
INT-00440,LEAD-2026-0260,USR-02,instagram_dm,2026-06-22T12:25,non_joint,vrai,RAS
INT-00441,LEAD-2026-0264,USR-02,whatsapp,2026-04-16T18:34,joint,vrai,
INT-00442,LEAD-2026-0264,USR-02,email,2026-04-14T20:47,rdv_pris,vrai,rappeler
INT-00443,LEAD-2026-0264,USR-02,whatsapp,2026-04-15T23:06,rdv_pris,vrai,rappeler
INT-00444,LEAD-2026-0264,USR-02,instagram_dm,2026-04-16T19:54,joint,vrai,RAS
INT-00445,LEAD-2026-0265,USR-02,sms,2026-05-14T16:29,joint,vrai,RAS
INT-00446,LEAD-2026-0265,USR-02,appel,2026-05-11T03:17,non_joint,vrai,
INT-00447,LEAD-2026-0265,USR-02,whatsapp,2026-05-12T19:05,non_joint,vrai,
INT-00448,LEAD-2026-0267,USR-02,whatsapp,2026-05-04T16:11,joint,vrai,RAS
INT-00449,LEAD-2026-0269,USR-02,instagram_dm,2026-04-09T22:48,joint,vrai,
INT-00450,LEAD-2026-0269,USR-02,appel,2026-04-11T21:22,non_joint,vrai,
INT-00451,LEAD-2026-0269,USR-02,instagram_dm,2026-04-11T19:38,joint,vrai,
INT-00452,LEAD-2026-0269,USR-02,whatsapp,2026-04-15T16:30,non_joint,vrai,laisser un message
INT-00453,LEAD-2026-0274,USR-02,whatsapp,2026-05-05T13:18,joint,vrai,
INT-00454,LEAD-2026-0274,USR-02,whatsapp,2026-05-01T14:42,rdv_pris,vrai,
INT-00455,LEAD-2026-0274,USR-02,sms,2026-05-02T14:32,non_joint,vrai,
INT-00456,LEAD-2026-0275,USR-02,whatsapp,2026-05-22T16:16,refus,vrai,rappeler
INT-00457,LEAD-2026-0275,USR-02,appel,2026-05-22T16:40,rdv_pris,vrai,rappeler
INT-00458,LEAD-2026-0275,USR-02,email,2026-05-24T18:13,joint,vrai,
INT-00459,LEAD-2026-0277,USR-02,appel,2026-06-19T18:43,joint,vrai,RAS
INT-00460,LEAD-2026-0277,USR-02,sms,2026-06-26T17:17,joint,vrai,
INT-00461,LEAD-2026-0277,USR-02,whatsapp,2026-06-25T19:32,refus,vrai,RAS
INT-00462,LEAD-2026-0277,USR-02,sms,2026-06-22T20:36,non_joint,vrai,
INT-00463,LEAD-2026-0278,USR-02,appel,2026-05-24T16:08,rdv_pris,vrai,
INT-00464,LEAD-2026-0278,USR-02,appel,2026-05-25T17:50,non_joint,vrai,rappeler
INT-00465,LEAD-2026-0278,USR-02,instagram_dm,2026-05-27T18:47,rdv_pris,vrai,rappeler
INT-00466,LEAD-2026-0279,USR-02,appel,2026-06-11T04:50,non_joint,vrai,
INT-00467,LEAD-2026-0279,USR-02,appel,2026-06-12T00:00,non_joint,vrai,laisser un message
INT-00468,LEAD-2026-0281,USR-02,appel,2026-04-26T00:34,non_joint,vrai,
INT-00469,LEAD-2026-0281,USR-02,whatsapp,2026-04-27T19:22,non_joint,vrai,rappeler
INT-00470,LEAD-2026-0283,USR-02,sms,2026-04-10T17:13,non_joint,vrai,
INT-00471,LEAD-2026-0283,USR-02,sms,2026-04-12T01:35,rdv_pris,vrai,
INT-00472,LEAD-2026-0287,USR-02,whatsapp,2026-06-06T16:54,refus,vrai,laisser un message
INT-00473,LEAD-2026-0287,USR-02,instagram_dm,2026-06-07T22:22,refus,vrai,laisser un message
INT-00474,LEAD-2026-0287,USR-02,whatsapp,2026-06-08T22:22,non_joint,vrai,rappeler
INT-00475,LEAD-2026-0288,USR-02,appel,2026-06-20T00:29,rdv_pris,vrai,laisser un message
INT-00476,LEAD-2026-0290,USR-02,instagram_dm,2026-04-15T20:24,rdv_pris,vrai,
INT-00477,LEAD-2026-0292,USR-02,appel,2026-06-07T21:35,joint,vrai,laisser un message
INT-00478,LEAD-2026-0293,USR-02,instagram_dm,2026-04-30T16:57,rdv_pris,vrai,laisser un message
INT-00479,LEAD-2026-0293,USR-02,email,2026-05-01T14:05,non_joint,vrai,laisser un message
INT-00480,LEAD-2026-0293,USR-02,whatsapp,2026-05-02T18:38,joint,vrai,
INT-00481,LEAD-2026-0294,USR-02,instagram_dm,2026-05-29T14:23,rdv_pris,vrai,RAS
INT-00482,LEAD-2026-0294,USR-02,whatsapp,2026-05-29T12:13,joint,vrai,
INT-00483,LEAD-2026-0295,USR-02,appel,2026-06-23T20:51,joint,vrai,laisser un message
INT-00484,LEAD-2026-0295,USR-02,appel,2026-06-22T20:14,joint,vrai,
INT-00485,LEAD-2026-0295,USR-02,appel,2026-06-20T02:42,joint,vrai,
INT-00486,LEAD-2026-0296,USR-01,appel,2026-05-15T16:31,non_joint,vrai,laisser un message
INT-00487,LEAD-2026-0296,USR-01,appel,2026-05-11T20:11,joint,vrai,rappeler
INT-00488,LEAD-2026-0296,USR-01,whatsapp,2026-05-13T00:42,non_joint,vrai,
INT-00489,LEAD-2026-0296,USR-01,whatsapp,2026-05-14T14:58,non_joint,vrai,rappeler
INT-00490,LEAD-2026-0297,USR-02,email,2026-05-26T17:26,refus,vrai,laisser un message
INT-00491,LEAD-2026-0297,USR-02,whatsapp,2026-05-28T17:33,non_joint,vrai,laisser un message
INT-00492,LEAD-2026-0297,USR-02,appel,2026-05-29T15:30,joint,vrai,laisser un message
INT-00493,LEAD-2026-0298,USR-02,whatsapp,2026-04-21T04:05,non_joint,vrai,RAS
INT-00494,LEAD-2026-0298,USR-02,appel,2026-04-21T05:38,non_joint,vrai,RAS
INT-00495,LEAD-2026-0299,USR-01,instagram_dm,2026-04-15T23:19,non_joint,vrai,rappeler
INT-00496,LEAD-2026-0299,USR-01,whatsapp,2026-04-15T16:22,rdv_pris,vrai,laisser un message
INT-00497,LEAD-2026-0299,USR-01,appel,2026-04-16T23:19,rdv_pris,vrai,RAS
INT-00498,LEAD-2026-0300,USR-02,appel,2026-04-14T14:05,joint,vrai,
INT-00499,LEAD-2026-0300,USR-02,instagram_dm,2026-04-15T20:31,joint,vrai,RAS
INT-00500,LEAD-2026-0300,USR-02,appel,2026-04-20T15:30,rdv_pris,vrai,
INT-00501,LEAD-2026-0300,USR-02,appel,2026-04-17T23:03,joint,vrai,laisser un message
INT-00502,LEAD-2026-0301,USR-02,email,2026-06-14T19:45,rdv_pris,vrai,
INT-00503,LEAD-2026-0301,USR-02,appel,2026-06-14T16:49,refus,vrai,rappeler
INT-00504,LEAD-2026-0301,USR-02,appel,2026-06-15T17:34,joint,vrai,
INT-00505,LEAD-2026-0301,USR-02,email,2026-06-16T19:30,non_joint,vrai,RAS
INT-00506,LEAD-2026-0302,USR-01,instagram_dm,2026-05-10T12:42,non_joint,vrai,laisser un message
INT-00507,LEAD-2026-0303,USR-02,instagram_dm,2026-05-14T16:10,rdv_pris,vrai,RAS
INT-00508,LEAD-2026-0303,USR-02,sms,2026-05-11T21:53,non_joint,vrai,laisser un message
INT-00509,LEAD-2026-0303,USR-02,appel,2026-05-11T21:43,non_joint,vrai,RAS
INT-00510,LEAD-2026-0306,USR-02,whatsapp,2026-04-28T19:37,refus,vrai,
INT-00511,LEAD-2026-0306,USR-02,sms,2026-04-29T22:10,refus,vrai,rappeler
INT-00512,LEAD-2026-0307,USR-02,sms,2026-05-27T13:04,joint,vrai,
INT-00513,LEAD-2026-0309,USR-01,whatsapp,2026-05-24T15:59,non_joint,vrai,
INT-00514,LEAD-2026-0309,USR-01,whatsapp,2026-05-21T02:20,refus,vrai,laisser un message
INT-00515,LEAD-2026-0309,USR-01,appel,2026-05-24T15:11,non_joint,vrai,rappeler
INT-00516,LEAD-2026-0313,USR-02,whatsapp,2026-06-20T02:22,joint,vrai,
INT-00517,LEAD-2026-0314,USR-02,email,2026-06-18T10:51,non_joint,vrai,RAS
INT-00518,LEAD-2026-0314,USR-02,email,2026-06-20T17:16,rdv_pris,vrai,
INT-00519,LEAD-2026-0314,USR-02,appel,2026-06-20T10:09,non_joint,vrai,laisser un message
INT-00520,LEAD-2026-0314,USR-02,instagram_dm,2026-06-22T16:22,non_joint,vrai,laisser un message
INT-00521,LEAD-2026-0315,USR-02,instagram_dm,2026-05-24T16:35,refus,vrai,RAS
INT-00522,LEAD-2026-0315,USR-02,appel,2026-05-25T19:30,rdv_pris,vrai,
INT-00523,LEAD-2026-0315,USR-02,appel,2026-05-26T15:40,non_joint,vrai,
INT-00524,LEAD-2026-0315,USR-02,appel,2026-05-27T19:07,non_joint,vrai,RAS
INT-00525,LEAD-2026-0316,USR-02,whatsapp,2026-04-12T13:42,non_joint,vrai,rappeler
INT-00526,LEAD-2026-0316,USR-02,sms,2026-04-14T15:41,joint,vrai,rappeler
INT-00527,LEAD-2026-0316,USR-02,appel,2026-04-14T15:42,joint,vrai,
INT-00528,LEAD-2026-0316,USR-02,sms,2026-04-15T09:41,joint,vrai,laisser un message
INT-00529,LEAD-2026-0318,USR-02,appel,2026-05-22T16:43,refus,vrai,
INT-00530,LEAD-2026-0318,USR-02,appel,2026-05-23T20:45,non_joint,vrai,RAS
INT-00531,LEAD-2026-0319,USR-02,appel,2026-04-14T22:23,rdv_pris,vrai,
INT-00532,LEAD-2026-0319,USR-02,appel,2026-04-15T21:23,rdv_pris,vrai,RAS
INT-00533,LEAD-2026-0319,USR-02,email,2026-04-17T18:40,joint,vrai,
INT-00534,LEAD-2026-0320,USR-01,instagram_dm,2026-05-02T16:40,non_joint,vrai,laisser un message
INT-00535,LEAD-2026-0320,USR-01,appel,2026-04-28T17:48,joint,vrai,RAS
INT-00536,LEAD-2026-0320,USR-01,email,2026-04-30T16:53,non_joint,vrai,
INT-00537,LEAD-2026-0322,USR-02,instagram_dm,2026-05-04T20:53,rdv_pris,vrai,RAS
INT-00538,LEAD-2026-0322,USR-02,sms,2026-05-04T15:14,joint,vrai,RAS
INT-00539,LEAD-2026-0322,USR-02,whatsapp,2026-05-06T17:20,rdv_pris,vrai,
INT-00540,LEAD-2026-0326,USR-02,sms,2026-04-18T16:04,joint,vrai,
INT-00541,LEAD-2026-0326,USR-02,whatsapp,2026-04-19T17:45,non_joint,vrai,RAS
INT-00542,LEAD-2026-0326,USR-02,whatsapp,2026-04-25T12:04,rdv_pris,vrai,rappeler
INT-00543,LEAD-2026-0326,USR-02,appel,2026-04-21T15:36,rdv_pris,vrai,laisser un message
INT-00544,LEAD-2026-0328,USR-02,sms,2026-05-24T23:07,non_joint,vrai,RAS
INT-00545,LEAD-2026-0328,USR-02,whatsapp,2026-05-24T15:53,rdv_pris,vrai,RAS
INT-00546,LEAD-2026-0328,USR-02,appel,2026-05-26T23:32,joint,vrai,
INT-00547,LEAD-2026-0329,USR-02,sms,2026-05-29T20:50,rdv_pris,vrai,laisser un message
INT-00548,LEAD-2026-0329,USR-02,appel,2026-05-30T04:58,rdv_pris,vrai,
INT-00549,LEAD-2026-0330,USR-02,appel,2026-04-24T22:55,non_joint,vrai,RAS
INT-00550,LEAD-2026-0330,USR-02,whatsapp,2026-04-25T21:51,joint,vrai,
INT-00551,LEAD-2026-0331,USR-02,appel,2026-04-30T03:04,joint,vrai,
INT-00552,LEAD-2026-0331,USR-02,email,2026-04-30T04:40,refus,vrai,rappeler
INT-00553,LEAD-2026-0331,USR-02,whatsapp,2026-04-30T20:41,rdv_pris,vrai,
INT-00554,LEAD-2026-0332,USR-02,whatsapp,2026-06-09T00:00,non_joint,vrai,
INT-00555,LEAD-2026-0332,USR-02,appel,2026-06-13T19:13,joint,vrai,
INT-00556,LEAD-2026-0332,USR-02,appel,2026-06-10T21:52,rdv_pris,vrai,
INT-00557,LEAD-2026-0333,USR-02,appel,2026-05-27T19:29,non_joint,vrai,laisser un message
INT-00558,LEAD-2026-0333,USR-02,whatsapp,2026-05-27T20:50,joint,vrai,
INT-00559,LEAD-2026-0333,USR-02,appel,2026-05-28T18:43,non_joint,vrai,RAS
INT-00560,LEAD-2026-0334,USR-01,whatsapp,2026-04-16T14:22,non_joint,vrai,rappeler
INT-00561,LEAD-2026-0335,USR-02,whatsapp,2026-06-23T15:14,joint,vrai,RAS
INT-00562,LEAD-2026-0335,USR-02,appel,2026-06-19T21:03,non_joint,vrai,laisser un message
INT-00563,LEAD-2026-0336,USR-02,appel,2026-05-24T20:47,non_joint,vrai,
INT-00564,LEAD-2026-0336,USR-02,email,2026-05-23T00:08,joint,vrai,
INT-00565,LEAD-2026-0336,USR-02,whatsapp,2026-05-25T03:49,joint,vrai,rappeler
INT-00566,LEAD-2026-0337,USR-02,appel,2026-04-28T16:34,joint,vrai,rappeler
INT-00567,LEAD-2026-0337,USR-02,instagram_dm,2026-05-05T16:05,refus,vrai,laisser un message
INT-00568,LEAD-2026-0337,USR-02,whatsapp,2026-04-30T23:47,rdv_pris,vrai,rappeler
INT-00569,LEAD-2026-0340,USR-02,appel,2026-05-25T20:48,joint,vrai,
INT-00570,LEAD-2026-0340,USR-02,whatsapp,2026-05-26T19:40,joint,vrai,
INT-00571,LEAD-2026-0340,USR-02,whatsapp,2026-05-28T01:20,rdv_pris,vrai,
INT-00572,LEAD-2026-0342,USR-02,sms,2026-04-02T00:57,non_joint,vrai,RAS
INT-00573,LEAD-2026-0344,USR-01,instagram_dm,2026-05-24T17:53,rdv_pris,vrai,RAS
INT-00574,LEAD-2026-0344,USR-01,whatsapp,2026-05-26T19:48,non_joint,vrai,
INT-00575,LEAD-2026-0345,USR-02,sms,2026-04-29T22:53,non_joint,vrai,laisser un message
INT-00576,LEAD-2026-0347,USR-02,email,2026-06-08T15:31,joint,vrai,rappeler
INT-00577,LEAD-2026-0347,USR-02,appel,2026-06-05T18:44,joint,vrai,
INT-00578,LEAD-2026-0351,USR-01,appel,2026-06-01T00:02,joint,vrai,
INT-00579,LEAD-2026-0351,USR-01,whatsapp,2026-06-01T02:41,joint,vrai,
INT-00580,LEAD-2026-0351,USR-01,whatsapp,2026-06-02T21:01,joint,vrai,rappeler
INT-00581,LEAD-2026-0352,USR-02,appel,2026-06-01T20:45,non_joint,vrai,RAS
INT-00582,LEAD-2026-0352,USR-02,whatsapp,2026-06-01T15:39,joint,vrai,
INT-00583,LEAD-2026-0354,USR-02,sms,2026-05-28T13:16,rdv_pris,vrai,laisser un message
INT-00584,LEAD-2026-0354,USR-02,appel,2026-05-29T16:57,non_joint,vrai,
INT-00585,LEAD-2026-0354,USR-02,email,2026-05-30T11:27,joint,vrai,
INT-00586,LEAD-2026-0354,USR-02,email,2026-05-31T12:27,non_joint,vrai,RAS
INT-00587,LEAD-2026-0356,USR-01,email,2026-05-05T18:30,joint,vrai,
INT-00588,LEAD-2026-0356,USR-01,appel,2026-05-06T20:19,non_joint,vrai,RAS
INT-00589,LEAD-2026-0356,USR-01,sms,2026-05-07T14:38,non_joint,vrai,
INT-00590,LEAD-2026-0358,USR-02,email,2026-04-25T14:56,non_joint,vrai,
INT-00591,LEAD-2026-0358,USR-02,instagram_dm,2026-04-25T15:00,joint,vrai,RAS
INT-00592,LEAD-2026-0361,USR-02,email,2026-06-18T20:52,rdv_pris,vrai,
INT-00593,LEAD-2026-0361,USR-02,email,2026-06-18T23:10,joint,vrai,RAS
INT-00594,LEAD-2026-0361,USR-02,sms,2026-06-20T00:28,non_joint,vrai,rappeler
INT-00595,LEAD-2026-0362,USR-02,email,2026-05-07T13:19,non_joint,vrai,
INT-00596,LEAD-2026-0362,USR-02,sms,2026-05-06T12:55,rdv_pris,vrai,
INT-00597,LEAD-2026-0363,USR-02,sms,2026-05-08T17:00,refus,vrai,rappeler
INT-00598,LEAD-2026-0363,USR-02,appel,2026-05-10T22:58,joint,vrai,rappeler
INT-00599,LEAD-2026-0363,USR-02,sms,2026-05-10T22:55,non_joint,vrai,laisser un message
INT-00600,LEAD-2026-0363,USR-02,appel,2026-05-17T17:42,joint,vrai,
INT-00601,LEAD-2026-0364,USR-01,appel,2026-04-26T14:22,joint,vrai,RAS
INT-00602,LEAD-2026-0365,USR-02,whatsapp,2026-05-18T20:48,non_joint,vrai,
INT-00603,LEAD-2026-0365,USR-02,sms,2026-05-16T22:17,non_joint,vrai,
INT-00604,LEAD-2026-0365,USR-02,sms,2026-05-17T19:36,refus,vrai,
INT-00605,LEAD-2026-0367,USR-02,whatsapp,2026-05-16T14:45,non_joint,vrai,laisser un message
INT-00606,LEAD-2026-0367,USR-02,email,2026-05-21T12:26,non_joint,vrai,rappeler
INT-00607,LEAD-2026-0367,USR-02,email,2026-05-18T16:02,rdv_pris,vrai,
INT-00608,LEAD-2026-0367,USR-02,sms,2026-05-20T20:34,joint,vrai,laisser un message
INT-00609,LEAD-2026-0369,USR-02,appel,2026-06-13T05:38,non_joint,vrai,laisser un message
INT-00610,LEAD-2026-0369,USR-02,instagram_dm,2026-06-13T22:42,non_joint,vrai,rappeler
INT-00611,LEAD-2026-0369,USR-02,sms,2026-06-14T20:14,joint,vrai,
INT-00612,LEAD-2026-0372,USR-02,sms,2026-04-11T18:52,non_joint,vrai,
INT-00613,LEAD-2026-0372,USR-02,appel,2026-04-12T18:01,joint,vrai,
INT-00614,LEAD-2026-0372,USR-02,whatsapp,2026-04-13T19:46,non_joint,vrai,rappeler
INT-00615,LEAD-2026-0374,USR-02,appel,2026-04-05T01:18,non_joint,vrai,rappeler
INT-00616,LEAD-2026-0374,USR-02,sms,2026-04-06T02:56,joint,vrai,laisser un message
INT-00617,LEAD-2026-0374,USR-02,email,2026-04-07T22:46,non_joint,vrai,
INT-00618,LEAD-2026-0376,USR-02,appel,2026-04-20T22:55,rdv_pris,vrai,
INT-00619,LEAD-2026-0377,USR-02,instagram_dm,2026-05-03T13:57,refus,vrai,rappeler
INT-00620,LEAD-2026-0377,USR-02,whatsapp,2026-05-04T19:07,non_joint,vrai,
INT-00621,LEAD-2026-0377,USR-02,email,2026-05-05T15:31,non_joint,vrai,RAS
INT-00622,LEAD-2026-0377,USR-02,email,2026-05-06T16:36,non_joint,vrai,RAS
INT-00623,LEAD-2026-0378,USR-02,email,2026-05-08T09:44,non_joint,vrai,laisser un message
INT-00624,LEAD-2026-0378,USR-02,appel,2026-05-07T11:06,rdv_pris,vrai,rappeler
INT-00625,LEAD-2026-0378,USR-02,appel,2026-05-07T09:40,non_joint,vrai,
INT-00626,LEAD-2026-0378,USR-02,email,2026-05-08T14:24,joint,vrai,
INT-00627,LEAD-2026-0379,USR-01,whatsapp,2026-04-12T17:37,rdv_pris,vrai,
INT-00628,LEAD-2026-0379,USR-01,appel,2026-04-08T18:12,joint,vrai,RAS
INT-00629,LEAD-2026-0379,USR-01,appel,2026-04-13T18:04,non_joint,vrai,
INT-00630,LEAD-2026-0381,USR-02,appel,2026-04-19T23:55,non_joint,vrai,RAS
INT-00631,LEAD-2026-0381,USR-02,appel,2026-04-20T23:52,joint,vrai,RAS
INT-00632,LEAD-2026-0381,USR-02,sms,2026-04-23T04:08,rdv_pris,vrai,RAS
INT-00633,LEAD-2026-0383,USR-02,whatsapp,2026-05-06T22:45,rdv_pris,vrai,rappeler
INT-00634,LEAD-2026-0383,USR-02,whatsapp,2026-05-07T17:57,rdv_pris,vrai,laisser un message
INT-00635,LEAD-2026-0384,USR-02,sms,2026-06-07T16:44,non_joint,vrai,RAS
INT-00636,LEAD-2026-0384,USR-02,appel,2026-06-05T00:43,refus,vrai,
INT-00637,LEAD-2026-0384,USR-02,appel,2026-06-08T18:58,joint,vrai,rappeler
INT-00638,LEAD-2026-0387,USR-02,appel,2026-06-08T23:41,joint,vrai,
INT-00639,LEAD-2026-0387,USR-02,appel,2026-06-12T20:08,refus,vrai,rappeler
INT-00640,LEAD-2026-0387,USR-02,whatsapp,2026-06-10T19:12,joint,vrai,
INT-00641,LEAD-2026-0387,USR-02,sms,2026-06-14T19:32,rdv_pris,vrai,rappeler
INT-00642,LEAD-2026-0388,USR-02,sms,2026-04-25T20:13,joint,vrai,laisser un message
INT-00643,LEAD-2026-0389,USR-02,whatsapp,2026-06-04T13:47,non_joint,vrai,RAS
INT-00644,LEAD-2026-0390,USR-02,whatsapp,2026-05-04T18:34,non_joint,vrai,
INT-00645,LEAD-2026-0390,USR-02,appel,2026-05-05T17:03,joint,vrai,RAS
INT-00646,LEAD-2026-0390,USR-02,email,2026-05-07T11:13,joint,vrai,
INT-00647,LEAD-2026-0390,USR-02,appel,2026-05-07T12:22,joint,vrai,
INT-00648,LEAD-2026-0391,USR-02,whatsapp,2026-05-27T20:24,joint,vrai,
INT-00649,LEAD-2026-0394,USR-02,sms,2026-04-03T13:53,joint,vrai,rappeler
INT-00650,LEAD-2026-0397,USR-02,whatsapp,2026-05-05T20:09,non_joint,vrai,rappeler
INT-00651,LEAD-2026-0398,USR-02,appel,2026-05-21T21:46,joint,vrai,
INT-00652,LEAD-2026-0399,USR-02,appel,2026-04-27T22:46,non_joint,vrai,laisser un message
INT-00653,LEAD-2026-0399,USR-02,instagram_dm,2026-04-28T20:34,joint,vrai,
INT-00654,LEAD-2026-0400,USR-02,whatsapp,2026-05-07T20:19,refus,vrai,rappeler
INT-00655,LEAD-2026-0400,USR-02,appel,2026-05-08T14:58,joint,vrai,
INT-00656,LEAD-2026-0400,USR-02,appel,2026-05-09T16:24,rdv_pris,vrai,rappeler
INT-00657,LEAD-2026-0401,USR-02,sms,2026-05-17T14:23,non_joint,vrai,laisser un message
INT-00658,LEAD-2026-0401,USR-02,appel,2026-05-18T13:08,joint,vrai,
INT-00659,LEAD-2026-0401,USR-02,sms,2026-05-18T11:17,rdv_pris,vrai,rappeler
INT-00660,LEAD-2026-0401,USR-02,whatsapp,2026-05-19T12:18,non_joint,vrai,laisser un message
INT-00661,LEAD-2026-0403,USR-02,sms,2026-05-03T22:30,joint,vrai,
INT-00662,LEAD-2026-0403,USR-02,appel,2026-05-04T22:29,joint,vrai,
INT-00663,LEAD-2026-0403,USR-02,appel,2026-05-04T22:11,non_joint,vrai,rappeler
INT-00664,LEAD-2026-0403,USR-02,appel,2026-05-05T18:13,rdv_pris,vrai,
INT-00665,LEAD-2026-0404,USR-01,appel,2026-04-21T20:30,non_joint,vrai,rappeler
INT-00666,LEAD-2026-0404,USR-01,whatsapp,2026-04-17T02:49,joint,vrai,laisser un message
INT-00667,LEAD-2026-0405,USR-01,appel,2026-04-27T10:06,joint,vrai,
INT-00668,LEAD-2026-0405,USR-01,sms,2026-04-27T12:58,joint,vrai,rappeler
INT-00669,LEAD-2026-0405,USR-01,email,2026-04-28T12:43,joint,vrai,
INT-00670,LEAD-2026-0407,USR-02,appel,2026-06-01T01:07,non_joint,vrai,
INT-00671,LEAD-2026-0407,USR-02,instagram_dm,2026-05-31T23:46,joint,vrai,
INT-00672,LEAD-2026-0412,USR-02,whatsapp,2026-04-09T18:24,joint,vrai,RAS
INT-00673,LEAD-2026-0412,USR-02,sms,2026-04-10T20:15,non_joint,vrai,rappeler
INT-00674,LEAD-2026-0412,USR-02,email,2026-04-11T23:11,joint,vrai,
INT-00675,LEAD-2026-0412,USR-02,appel,2026-04-12T18:48,rdv_pris,vrai,rappeler
INT-00676,LEAD-2026-0414,USR-02,whatsapp,2026-06-02T19:25,joint,vrai,
INT-00677,LEAD-2026-0414,USR-02,whatsapp,2026-06-05T00:32,joint,vrai,
INT-00678,LEAD-2026-0416,USR-02,instagram_dm,2026-05-10T01:06,refus,vrai,
INT-00679,LEAD-2026-0417,USR-02,appel,2026-04-24T22:23,joint,vrai,laisser un message
INT-00680,LEAD-2026-0417,USR-02,appel,2026-04-25T19:01,joint,vrai,
INT-00681,LEAD-2026-0417,USR-02,appel,2026-04-27T01:32,joint,vrai,
INT-00682,LEAD-2026-0419,USR-02,email,2026-04-15T13:14,non_joint,vrai,
INT-00683,LEAD-2026-0419,USR-02,sms,2026-04-17T16:03,joint,vrai,
INT-00684,LEAD-2026-0419,USR-02,appel,2026-04-18T14:21,refus,vrai,rappeler
INT-00685,LEAD-2026-0420,USR-02,appel,2026-04-24T20:30,joint,vrai,
INT-00686,LEAD-2026-0422,USR-02,appel,2026-04-03T18:32,non_joint,vrai,laisser un message
INT-00687,LEAD-2026-0422,USR-02,whatsapp,2026-04-08T15:23,non_joint,vrai,
INT-00688,LEAD-2026-0424,USR-01,whatsapp,2026-05-09T15:45,joint,vrai,RAS
INT-00689,LEAD-2026-0424,USR-01,whatsapp,2026-05-10T17:57,non_joint,vrai,rappeler
INT-00690,LEAD-2026-0424,USR-01,email,2026-05-11T18:33,rdv_pris,vrai,rappeler
INT-00691,LEAD-2026-0424,USR-01,sms,2026-05-13T12:46,rdv_pris,vrai,laisser un message
INT-00692,LEAD-2026-0425,USR-02,whatsapp,2026-06-07T23:57,non_joint,vrai,
INT-00693,LEAD-2026-0426,USR-02,instagram_dm,2026-04-26T00:05,joint,vrai,
INT-00694,LEAD-2026-0426,USR-02,whatsapp,2026-04-27T22:23,rdv_pris,vrai,
INT-00695,LEAD-2026-0426,USR-02,sms,2026-04-29T02:06,joint,vrai,laisser un message
INT-00696,LEAD-2026-0427,USR-02,whatsapp,2026-04-02T18:36,joint,vrai,rappeler
INT-00697,LEAD-2026-0427,USR-02,sms,2026-04-02T16:27,joint,vrai,rappeler
INT-00698,LEAD-2026-0428,USR-02,appel,2026-04-09T18:28,joint,vrai,laisser un message
INT-00699,LEAD-2026-0429,USR-02,sms,2026-06-03T03:33,non_joint,vrai,RAS
INT-00700,LEAD-2026-0429,USR-02,whatsapp,2026-06-04T01:34,rdv_pris,vrai,RAS
INT-00701,LEAD-2026-0429,USR-02,whatsapp,2026-06-03T21:11,joint,vrai,
INT-00702,LEAD-2026-0429,USR-02,appel,2026-06-06T02:00,rdv_pris,vrai,
INT-00703,LEAD-2026-0430,USR-02,instagram_dm,2026-04-25T13:15,non_joint,vrai,rappeler
INT-00704,LEAD-2026-0430,USR-02,appel,2026-04-23T12:57,refus,vrai,laisser un message
INT-00705,LEAD-2026-0430,USR-02,whatsapp,2026-04-30T12:16,joint,vrai,
INT-00706,LEAD-2026-0430,USR-02,appel,2026-04-25T21:34,non_joint,vrai,rappeler
INT-00707,LEAD-2026-0433,USR-02,sms,2026-05-24T16:11,non_joint,vrai,
INT-00708,LEAD-2026-0433,USR-02,whatsapp,2026-05-26T20:30,non_joint,vrai,rappeler
INT-00709,LEAD-2026-0433,USR-02,email,2026-05-27T20:56,joint,vrai,RAS
INT-00710,LEAD-2026-0434,USR-02,appel,2026-05-17T22:10,joint,vrai,rappeler
INT-00711,LEAD-2026-0434,USR-02,appel,2026-05-22T20:23,non_joint,vrai,
INT-00712,LEAD-2026-0437,USR-02,sms,2026-05-12T00:57,non_joint,vrai,laisser un message
INT-00713,LEAD-2026-0437,USR-02,sms,2026-05-13T01:59,non_joint,vrai,RAS
INT-00714,LEAD-2026-0437,USR-02,instagram_dm,2026-05-12T20:21,non_joint,vrai,laisser un message
INT-00715,LEAD-2026-0438,USR-01,sms,2026-04-11T23:25,joint,vrai,
INT-00716,LEAD-2026-0438,USR-01,whatsapp,2026-04-14T01:34,joint,vrai,rappeler
INT-00717,LEAD-2026-0438,USR-01,whatsapp,2026-04-13T23:34,non_joint,vrai,
INT-00718,LEAD-2026-0438,USR-01,appel,2026-04-16T00:21,non_joint,vrai,laisser un message
INT-00719,LEAD-2026-0439,USR-02,sms,2026-04-28T18:47,joint,vrai,RAS
INT-00720,LEAD-2026-0439,USR-02,sms,2026-04-28T20:26,joint,vrai,RAS
INT-00721,LEAD-2026-0439,USR-02,appel,2026-04-30T00:39,non_joint,vrai,rappeler
INT-00722,LEAD-2026-0440,USR-02,whatsapp,2026-04-20T19:23,joint,vrai,rappeler
INT-00723,LEAD-2026-0442,USR-01,instagram_dm,2026-05-22T00:27,joint,vrai,rappeler
INT-00724,LEAD-2026-0442,USR-01,instagram_dm,2026-05-22T20:28,non_joint,vrai,laisser un message
INT-00725,LEAD-2026-0442,USR-01,sms,2026-05-24T01:49,joint,vrai,RAS
INT-00726,LEAD-2026-0443,USR-02,email,2026-06-09T15:10,joint,vrai,RAS
INT-00727,LEAD-2026-0443,USR-02,sms,2026-06-10T20:02,joint,vrai,
INT-00728,LEAD-2026-0443,USR-02,appel,2026-06-11T15:28,joint,vrai,rappeler
INT-00729,LEAD-2026-0444,USR-01,appel,2026-06-21T15:55,joint,vrai,laisser un message
INT-00730,LEAD-2026-0444,USR-01,sms,2026-06-22T13:45,joint,vrai,RAS
INT-00731,LEAD-2026-0444,USR-01,appel,2026-06-23T21:34,refus,vrai,laisser un message
INT-00732,LEAD-2026-0445,USR-02,email,2026-06-19T17:14,joint,vrai,laisser un message
INT-00733,LEAD-2026-0445,USR-02,whatsapp,2026-06-20T16:05,joint,vrai,rappeler
INT-00734,LEAD-2026-0445,USR-02,whatsapp,2026-06-21T13:44,rdv_pris,vrai,laisser un message
INT-00735,LEAD-2026-0446,USR-02,instagram_dm,2026-06-16T15:58,joint,vrai,
INT-00736,LEAD-2026-0446,USR-02,appel,2026-06-17T15:40,joint,vrai,RAS
INT-00737,LEAD-2026-0446,USR-02,appel,2026-06-18T20:16,non_joint,vrai,laisser un message
INT-00738,LEAD-2026-0448,USR-02,email,2026-05-01T18:02,rdv_pris,vrai,rappeler
INT-00739,LEAD-2026-0449,USR-02,appel,2026-06-22T19:25,joint,vrai,laisser un message
INT-00740,LEAD-2026-0451,USR-02,appel,2026-05-07T22:42,joint,vrai,RAS
INT-00741,LEAD-2026-0451,USR-02,sms,2026-05-06T02:33,joint,vrai,rappeler
INT-00742,LEAD-2026-0451,USR-02,appel,2026-05-06T03:11,joint,vrai,rappeler
INT-00743,LEAD-2026-0451,USR-02,appel,2026-05-09T21:01,joint,vrai,rappeler
INT-00744,LEAD-2026-0452,USR-02,whatsapp,2026-05-29T17:21,rdv_pris,vrai,
INT-00745,LEAD-2026-0452,USR-02,appel,2026-06-04T17:27,rdv_pris,vrai,RAS
INT-00746,LEAD-2026-0452,USR-02,whatsapp,2026-05-31T16:04,joint,vrai,laisser un message
INT-00747,LEAD-2026-0452,USR-02,whatsapp,2026-06-02T17:46,rdv_pris,vrai,rappeler
INT-00748,LEAD-2026-0453,USR-02,whatsapp,2026-04-18T19:06,rdv_pris,vrai,
INT-00749,LEAD-2026-0453,USR-02,sms,2026-04-18T13:03,joint,vrai,rappeler
INT-00750,LEAD-2026-0454,USR-02,whatsapp,2026-04-01T23:19,non_joint,vrai,
INT-00751,LEAD-2026-0454,USR-02,appel,2026-04-02T20:48,joint,vrai,
INT-00752,LEAD-2026-0454,USR-02,sms,2026-04-04T07:09,non_joint,vrai,
INT-00753,LEAD-2026-0454,USR-02,appel,2026-04-04T21:03,joint,vrai,RAS
INT-00754,LEAD-2026-0457,USR-01,whatsapp,2026-04-27T21:47,refus,vrai,
INT-00755,LEAD-2026-0457,USR-01,email,2026-04-28T19:00,joint,vrai,
INT-00756,LEAD-2026-0457,USR-01,appel,2026-04-29T19:12,joint,vrai,rappeler
INT-00757,LEAD-2026-0458,USR-02,appel,2026-06-06T10:17,joint,vrai,RAS
INT-00758,LEAD-2026-0458,USR-02,sms,2026-06-03T16:20,rdv_pris,vrai,RAS
INT-00759,LEAD-2026-0458,USR-02,appel,2026-06-04T10:01,rdv_pris,vrai,RAS
INT-00760,LEAD-2026-0458,USR-02,email,2026-06-05T10:00,rdv_pris,vrai,rappeler
INT-00761,LEAD-2026-0459,USR-02,appel,2026-05-12T18:23,non_joint,vrai,
INT-00762,LEAD-2026-0459,USR-02,appel,2026-05-13T15:07,refus,vrai,rappeler
INT-00763,LEAD-2026-0459,USR-02,appel,2026-05-14T13:25,non_joint,vrai,
INT-00764,LEAD-2026-0459,USR-02,instagram_dm,2026-05-15T15:04,rdv_pris,vrai,rappeler
INT-00765,LEAD-2026-0460,USR-01,whatsapp,2026-05-18T12:06,rdv_pris,vrai,RAS
INT-00766,LEAD-2026-0460,USR-01,appel,2026-05-20T13:14,joint,vrai,rappeler
INT-00767,LEAD-2026-0460,USR-01,appel,2026-05-20T14:25,non_joint,vrai,RAS
INT-00768,LEAD-2026-0460,USR-01,appel,2026-05-16T13:01,non_joint,vrai,RAS
INT-00769,LEAD-2026-0464,USR-01,appel,2026-06-19T22:01,joint,vrai,
INT-00770,LEAD-2026-0464,USR-01,email,2026-06-20T18:26,joint,vrai,
INT-00771,LEAD-2026-0464,USR-01,instagram_dm,2026-06-22T21:27,non_joint,vrai,
INT-00772,LEAD-2026-0466,USR-02,appel,2026-05-31T23:21,joint,vrai,laisser un message
INT-00773,LEAD-2026-0466,USR-02,whatsapp,2026-06-02T02:14,non_joint,vrai,rappeler
INT-00774,LEAD-2026-0468,USR-02,whatsapp,2026-04-01T17:46,joint,vrai,
INT-00775,LEAD-2026-0468,USR-02,email,2026-04-03T20:06,joint,vrai,
INT-00776,LEAD-2026-0470,USR-02,instagram_dm,2026-04-19T20:43,rdv_pris,vrai,
INT-00777,LEAD-2026-0470,USR-02,appel,2026-04-21T19:59,refus,vrai,laisser un message
INT-00778,LEAD-2026-0471,USR-02,sms,2026-06-18T20:52,joint,vrai,
INT-00779,LEAD-2026-0471,USR-02,appel,2026-06-24T13:44,non_joint,vrai,
INT-00780,LEAD-2026-0471,USR-02,whatsapp,2026-06-21T13:41,non_joint,vrai,RAS
INT-00781,LEAD-2026-0472,USR-02,appel,2026-04-20T17:07,joint,vrai,rappeler
INT-00782,LEAD-2026-0472,USR-02,appel,2026-04-17T23:11,rdv_pris,vrai,RAS
INT-00783,LEAD-2026-0472,USR-02,whatsapp,2026-04-18T20:52,non_joint,vrai,
INT-00784,LEAD-2026-0472,USR-02,sms,2026-04-19T16:22,rdv_pris,vrai,
INT-00785,LEAD-2026-0473,USR-02,whatsapp,2026-05-14T13:30,non_joint,vrai,RAS
INT-00786,LEAD-2026-0473,USR-02,appel,2026-05-10T20:07,refus,vrai,rappeler
INT-00787,LEAD-2026-0473,USR-02,sms,2026-05-14T14:09,rdv_pris,vrai,rappeler
INT-00788,LEAD-2026-0474,USR-02,appel,2026-05-13T00:49,rdv_pris,vrai,
INT-00789,LEAD-2026-0474,USR-02,whatsapp,2026-05-14T01:06,joint,vrai,laisser un message
INT-00790,LEAD-2026-0476,USR-02,appel,2026-06-08T22:09,joint,vrai,rappeler
INT-00791,LEAD-2026-0477,USR-02,instagram_dm,2026-05-23T12:02,rdv_pris,vrai,
INT-00792,LEAD-2026-0477,USR-02,email,2026-05-24T22:47,non_joint,vrai,
INT-00793,LEAD-2026-0478,USR-01,appel,2026-05-08T03:59,non_joint,vrai,RAS
INT-00794,LEAD-2026-0478,USR-01,whatsapp,2026-05-08T03:41,refus,vrai,rappeler
INT-00795,LEAD-2026-0480,USR-02,appel,2026-04-25T10:18,joint,vrai,laisser un message
INT-00796,LEAD-2026-0480,USR-02,whatsapp,2026-04-26T12:30,joint,vrai,
INT-00797,LEAD-2026-0480,USR-02,appel,2026-04-27T11:17,joint,vrai,rappeler
INT-00798,LEAD-2026-0482,USR-02,appel,2026-06-06T16:48,joint,vrai,laisser un message
INT-00799,LEAD-2026-0482,USR-02,appel,2026-06-08T18:22,non_joint,vrai,laisser un message
INT-00800,LEAD-2026-0483,USR-01,appel,2026-04-06T18:35,non_joint,vrai,RAS
INT-00801,LEAD-2026-0484,USR-02,appel,2026-05-24T12:20,rdv_pris,vrai,rappeler
INT-00802,LEAD-2026-0484,USR-02,whatsapp,2026-05-27T11:46,refus,vrai,rappeler
INT-00803,LEAD-2026-0484,USR-02,appel,2026-05-23T17:31,rdv_pris,vrai,laisser un message
INT-00804,LEAD-2026-0485,USR-02,appel,2026-06-18T13:01,joint,vrai,RAS
INT-00805,LEAD-2026-0486,USR-02,whatsapp,2026-06-14T02:31,refus,vrai,
INT-00806,LEAD-2026-0486,USR-02,appel,2026-06-13T21:03,joint,vrai,rappeler
INT-00807,LEAD-2026-0486,USR-02,email,2026-06-15T20:55,joint,vrai,RAS
INT-00808,LEAD-2026-0486,USR-02,appel,2026-06-21T17:53,joint,vrai,laisser un message
INT-00809,LEAD-2026-0488,USR-01,whatsapp,2026-05-13T00:32,joint,vrai,laisser un message
INT-00810,LEAD-2026-0488,USR-01,whatsapp,2026-05-13T22:02,joint,vrai,laisser un message
INT-00811,LEAD-2026-0490,USR-01,whatsapp,2026-06-04T17:41,joint,vrai,
INT-00812,LEAD-2026-0490,USR-01,whatsapp,2026-06-04T12:35,rdv_pris,vrai,RAS
INT-00813,LEAD-2026-0490,USR-01,appel,2026-06-06T15:07,joint,vrai,RAS
INT-00814,LEAD-2026-0491,USR-02,appel,2026-04-10T16:07,joint,vrai,
INT-00815,LEAD-2026-0491,USR-02,whatsapp,2026-04-11T16:52,joint,vrai,
INT-00816,LEAD-2026-0492,USR-02,appel,2026-06-02T17:00,non_joint,vrai,laisser un message
INT-00817,LEAD-2026-0492,USR-02,sms,2026-05-29T19:48,rdv_pris,vrai,RAS
INT-00818,LEAD-2026-0492,USR-02,whatsapp,2026-05-30T17:41,non_joint,vrai,rappeler
INT-00819,LEAD-2026-0492,USR-02,appel,2026-05-31T20:02,joint,vrai,
INT-00820,LEAD-2026-0493,USR-02,appel,2026-05-29T18:47,rdv_pris,vrai,laisser un message
INT-00821,LEAD-2026-0493,USR-02,whatsapp,2026-05-26T03:39,non_joint,vrai,laisser un message
INT-00822,LEAD-2026-0493,USR-02,appel,2026-05-26T17:37,refus,vrai,
INT-00823,LEAD-2026-0494,USR-02,appel,2026-05-19T19:22,non_joint,vrai,rappeler
INT-00824,LEAD-2026-0494,USR-02,appel,2026-05-16T01:17,joint,vrai,RAS
INT-00825,LEAD-2026-0495,USR-02,email,2026-05-10T18:36,non_joint,vrai,RAS
INT-00826,LEAD-2026-0495,USR-02,sms,2026-05-12T21:20,joint,vrai,laisser un message
INT-00827,LEAD-2026-0495,USR-02,appel,2026-05-15T13:44,joint,vrai,rappeler
INT-00828,LEAD-2026-0496,USR-02,appel,2026-06-22T22:43,refus,vrai,rappeler
INT-00829,LEAD-2026-0496,USR-02,appel,2026-06-22T16:34,non_joint,vrai,
INT-00830,LEAD-2026-0498,USR-02,appel,2026-06-05T18:30,joint,vrai,rappeler
INT-00831,LEAD-2026-0498,USR-02,appel,2026-06-12T18:40,non_joint,vrai,
INT-00832,LEAD-2026-0498,USR-02,appel,2026-06-07T20:48,non_joint,vrai,
INT-00833,LEAD-2026-0499,USR-02,appel,2026-05-17T13:26,refus,vrai,
INT-00834,LEAD-2026-0499,USR-02,appel,2026-05-19T15:37,joint,vrai,rappeler
INT-00835,LEAD-2026-0499,USR-02,appel,2026-05-19T15:25,rdv_pris,vrai,rappeler
INT-00836,LEAD-2026-0501,USR-02,email,2026-04-04T17:05,non_joint,vrai,
INT-00837,LEAD-2026-0501,USR-02,appel,2026-04-05T20:54,rdv_pris,vrai,
INT-00838,LEAD-2026-0501,USR-02,sms,2026-04-06T16:45,refus,vrai,
INT-00839,LEAD-2026-0502,USR-02,appel,2026-05-15T16:48,non_joint,vrai,RAS
INT-00840,LEAD-2026-0502,USR-02,appel,2026-05-21T14:30,joint,vrai,
INT-00841,LEAD-2026-0502,USR-02,email,2026-05-23T14:06,refus,vrai,rappeler
INT-00842,LEAD-2026-0503,USR-01,sms,2026-05-27T21:06,joint,vrai,
INT-00843,LEAD-2026-0503,USR-01,email,2026-05-31T18:24,non_joint,vrai,RAS
INT-00844,LEAD-2026-0504,USR-01,whatsapp,2026-06-12T14:05,rdv_pris,vrai,
INT-00845,LEAD-2026-0504,USR-01,whatsapp,2026-06-13T19:15,non_joint,vrai,
INT-00846,LEAD-2026-0504,USR-01,appel,2026-06-14T13:52,non_joint,vrai,rappeler
INT-00847,LEAD-2026-0504,USR-01,instagram_dm,2026-06-15T13:35,refus,vrai,laisser un message
INT-00848,LEAD-2026-0505,USR-02,whatsapp,2026-06-10T23:50,joint,vrai,
INT-00849,LEAD-2026-0505,USR-02,whatsapp,2026-06-10T17:37,joint,vrai,laisser un message
INT-00850,LEAD-2026-0505,USR-02,appel,2026-06-14T18:11,rdv_pris,vrai,RAS
INT-00851,LEAD-2026-0505,USR-02,whatsapp,2026-06-13T23:37,joint,vrai,laisser un message
INT-00852,LEAD-2026-0507,USR-02,whatsapp,2026-04-21T01:59,joint,vrai,
INT-00853,LEAD-2026-0507,USR-02,appel,2026-04-21T20:35,joint,vrai,rappeler
INT-00854,LEAD-2026-0507,USR-02,whatsapp,2026-04-25T18:06,joint,vrai,
INT-00855,LEAD-2026-0509,USR-02,instagram_dm,2026-04-26T21:00,joint,vrai,laisser un message
INT-00856,LEAD-2026-0509,USR-02,instagram_dm,2026-04-27T21:39,non_joint,vrai,
INT-00857,LEAD-2026-0509,USR-02,sms,2026-04-29T15:25,joint,vrai,laisser un message
INT-00858,LEAD-2026-0512,USR-02,instagram_dm,2026-04-06T12:13,rdv_pris,vrai,
INT-00859,LEAD-2026-0512,USR-02,sms,2026-04-06T16:30,joint,vrai,rappeler
INT-00860,LEAD-2026-0514,USR-02,whatsapp,2026-06-20T13:39,joint,vrai,
INT-00861,LEAD-2026-0514,USR-02,appel,2026-06-21T16:13,non_joint,vrai,
INT-00862,LEAD-2026-0514,USR-02,whatsapp,2026-06-22T19:42,rdv_pris,vrai,laisser un message
INT-00863,LEAD-2026-0514,USR-02,appel,2026-06-27T10:46,joint,vrai,RAS
INT-00864,LEAD-2026-0515,USR-02,appel,2026-05-11T21:08,refus,vrai,
INT-00865,LEAD-2026-0515,USR-02,sms,2026-05-13T02:14,rdv_pris,vrai,rappeler
INT-00866,LEAD-2026-0516,USR-02,email,2026-04-13T09:45,non_joint,vrai,RAS
INT-00867,LEAD-2026-0516,USR-02,sms,2026-04-08T11:27,non_joint,vrai,
INT-00868,LEAD-2026-0516,USR-02,appel,2026-04-10T10:33,non_joint,vrai,
INT-00869,LEAD-2026-0516,USR-02,sms,2026-04-10T11:43,rdv_pris,vrai,RAS
INT-00870,LEAD-2026-0517,USR-02,appel,2026-04-11T17:11,joint,vrai,laisser un message
INT-00871,LEAD-2026-0517,USR-02,email,2026-04-08T20:46,joint,vrai,
INT-00872,LEAD-2026-0518,USR-02,email,2026-04-16T17:36,joint,vrai,laisser un message
INT-00873,LEAD-2026-0518,USR-02,appel,2026-04-22T16:49,non_joint,vrai,
INT-00874,LEAD-2026-0523,USR-02,appel,2026-05-25T18:57,rdv_pris,vrai,RAS
INT-00875,LEAD-2026-0524,USR-02,sms,2026-06-02T14:13,refus,vrai,rappeler
INT-00876,LEAD-2026-0524,USR-02,whatsapp,2026-06-02T15:05,rdv_pris,vrai,rappeler
INT-00877,LEAD-2026-0524,USR-02,appel,2026-06-03T12:58,non_joint,vrai,
INT-00878,LEAD-2026-0524,USR-02,instagram_dm,2026-06-05T21:04,joint,vrai,laisser un message
INT-00879,LEAD-2026-0527,USR-02,sms,2026-06-08T21:49,non_joint,vrai,laisser un message
INT-00880,LEAD-2026-0527,USR-02,appel,2026-06-15T19:52,non_joint,vrai,RAS
INT-00881,LEAD-2026-0527,USR-02,sms,2026-06-16T19:03,refus,vrai,RAS
INT-00882,LEAD-2026-0527,USR-02,appel,2026-06-16T19:52,joint,vrai,laisser un message
INT-00883,LEAD-2026-0528,USR-02,whatsapp,2026-05-26T21:08,rdv_pris,vrai,rappeler
INT-00884,LEAD-2026-0528,USR-02,appel,2026-05-30T17:23,joint,vrai,RAS
INT-00885,LEAD-2026-0529,USR-01,whatsapp,2026-05-04T21:43,non_joint,vrai,laisser un message
INT-00886,LEAD-2026-0529,USR-01,whatsapp,2026-05-05T18:43,non_joint,vrai,RAS
INT-00887,LEAD-2026-0529,USR-01,appel,2026-05-10T19:14,non_joint,vrai,laisser un message
INT-00888,LEAD-2026-0529,USR-01,instagram_dm,2026-05-08T02:49,rdv_pris,vrai,
INT-00889,LEAD-2026-0532,USR-02,instagram_dm,2026-04-20T02:00,refus,vrai,laisser un message
INT-00890,LEAD-2026-0534,USR-02,appel,2026-06-15T15:45,rdv_pris,vrai,
INT-00891,LEAD-2026-0534,USR-02,appel,2026-06-15T13:32,rdv_pris,vrai,
INT-00892,LEAD-2026-0534,USR-02,whatsapp,2026-06-16T19:47,rdv_pris,vrai,rappeler
INT-00893,LEAD-2026-0535,USR-02,appel,2026-04-12T13:27,non_joint,vrai,laisser un message
INT-00894,LEAD-2026-0535,USR-02,instagram_dm,2026-04-07T15:39,non_joint,vrai,
INT-00895,LEAD-2026-0535,USR-02,email,2026-04-08T13:54,refus,vrai,
INT-00896,LEAD-2026-0536,USR-02,whatsapp,2026-05-26T14:37,joint,vrai,laisser un message
INT-00897,LEAD-2026-0541,USR-02,appel,2026-05-25T16:50,rdv_pris,vrai,rappeler
INT-00898,LEAD-2026-0543,USR-02,email,2026-06-01T16:15,joint,vrai,rappeler
INT-00899,LEAD-2026-0546,USR-02,whatsapp,2026-05-05T18:50,joint,vrai,
INT-00900,LEAD-2026-0546,USR-02,whatsapp,2026-05-01T19:10,joint,vrai,laisser un message
INT-00901,LEAD-2026-0546,USR-02,instagram_dm,2026-05-02T20:15,joint,vrai,laisser un message
INT-00902,LEAD-2026-0546,USR-02,whatsapp,2026-05-03T21:02,refus,vrai,
INT-00903,LEAD-2026-0549,USR-02,whatsapp,2026-05-21T16:58,non_joint,vrai,laisser un message
INT-00904,LEAD-2026-0549,USR-02,appel,2026-05-22T16:58,non_joint,vrai,
INT-00905,LEAD-2026-0549,USR-02,sms,2026-05-23T19:00,rdv_pris,vrai,rappeler
INT-00906,LEAD-2026-0549,USR-02,whatsapp,2026-05-25T01:55,joint,vrai,
INT-00907,LEAD-2026-0551,USR-02,instagram_dm,2026-05-02T16:28,non_joint,vrai,
INT-00908,LEAD-2026-0551,USR-02,email,2026-05-03T14:08,rdv_pris,vrai,RAS
INT-00909,LEAD-2026-0552,USR-02,appel,2026-05-03T20:51,refus,vrai,
INT-00910,LEAD-2026-0552,USR-02,sms,2026-05-05T01:27,refus,vrai,RAS
INT-00911,LEAD-2026-0552,USR-02,email,2026-05-09T21:03,joint,vrai,rappeler
INT-00912,LEAD-2026-0552,USR-02,sms,2026-05-05T22:51,non_joint,vrai,laisser un message
INT-00913,LEAD-2026-0553,USR-02,appel,2026-05-15T22:40,non_joint,vrai,laisser un message
INT-00914,LEAD-2026-0553,USR-02,whatsapp,2026-05-16T17:48,joint,vrai,
INT-00915,LEAD-2026-0553,USR-02,email,2026-05-17T17:50,joint,vrai,laisser un message
INT-00916,LEAD-2026-0555,USR-02,appel,2026-05-01T05:18,joint,vrai,rappeler
INT-00917,LEAD-2026-0555,USR-02,appel,2026-05-01T21:52,non_joint,vrai,rappeler
INT-00918,LEAD-2026-0555,USR-02,appel,2026-05-03T02:03,non_joint,vrai,
INT-00919,LEAD-2026-0559,USR-02,appel,2026-05-11T20:43,joint,vrai,laisser un message
INT-00920,LEAD-2026-0559,USR-02,appel,2026-05-11T19:38,joint,vrai,
INT-00921,LEAD-2026-0559,USR-02,sms,2026-05-14T01:05,joint,vrai,RAS
INT-00922,LEAD-2026-0559,USR-02,appel,2026-05-14T03:04,joint,vrai,
INT-00923,LEAD-2026-0560,USR-02,appel,2026-04-25T17:11,joint,vrai,RAS
INT-00924,LEAD-2026-0560,USR-02,whatsapp,2026-04-27T20:41,joint,vrai,
INT-00925,LEAD-2026-0560,USR-02,email,2026-04-27T14:32,joint,vrai,
INT-00926,LEAD-2026-0565,USR-02,appel,2026-04-07T19:22,non_joint,vrai,rappeler
INT-00927,LEAD-2026-0565,USR-02,appel,2026-04-09T00:54,non_joint,vrai,rappeler
INT-00928,LEAD-2026-0566,USR-02,instagram_dm,2026-04-07T22:30,refus,vrai,
INT-00929,LEAD-2026-0566,USR-02,sms,2026-04-08T16:05,non_joint,vrai,
INT-00930,LEAD-2026-0566,USR-02,sms,2026-04-12T14:14,non_joint,vrai,
INT-00931,LEAD-2026-0566,USR-02,appel,2026-04-11T00:34,refus,vrai,rappeler
INT-00932,LEAD-2026-0567,USR-02,whatsapp,2026-04-07T18:50,non_joint,vrai,rappeler
INT-00933,LEAD-2026-0567,USR-02,appel,2026-04-08T19:25,joint,vrai,
INT-00934,LEAD-2026-0567,USR-02,email,2026-04-10T20:13,non_joint,vrai,
INT-00935,LEAD-2026-0568,USR-02,email,2026-05-24T18:13,non_joint,vrai,laisser un message
INT-00936,LEAD-2026-0568,USR-02,whatsapp,2026-05-19T22:32,joint,vrai,
INT-00937,LEAD-2026-0570,USR-02,sms,2026-04-07T16:38,joint,vrai,
INT-00938,LEAD-2026-0570,USR-02,whatsapp,2026-04-09T16:26,joint,vrai,rappeler
INT-00939,LEAD-2026-0571,USR-02,whatsapp,2026-05-12T10:44,joint,vrai,RAS
INT-00940,LEAD-2026-0571,USR-02,instagram_dm,2026-05-13T10:26,joint,vrai,
INT-00941,LEAD-2026-0571,USR-02,appel,2026-05-14T16:07,rdv_pris,vrai,
INT-00942,LEAD-2026-0574,USR-02,sms,2026-06-18T21:04,non_joint,vrai,laisser un message
INT-00943,LEAD-2026-0574,USR-02,email,2026-06-19T20:53,joint,vrai,
INT-00944,LEAD-2026-0574,USR-02,appel,2026-06-21T19:49,non_joint,vrai,laisser un message
INT-00945,LEAD-2026-0574,USR-02,whatsapp,2026-06-21T16:41,rdv_pris,vrai,
INT-00946,LEAD-2026-0575,USR-01,whatsapp,2026-04-18T15:01,joint,vrai,laisser un message
INT-00947,LEAD-2026-0575,USR-01,sms,2026-04-19T17:04,rdv_pris,vrai,RAS
INT-00948,LEAD-2026-0575,USR-01,appel,2026-04-20T23:52,joint,vrai,
INT-00949,LEAD-2026-0577,USR-02,instagram_dm,2026-06-17T03:02,non_joint,vrai,laisser un message
INT-00950,LEAD-2026-0577,USR-02,appel,2026-06-18T01:52,non_joint,vrai,rappeler
INT-00951,LEAD-2026-0577,USR-02,email,2026-06-19T06:00,joint,vrai,
INT-00952,LEAD-2026-0577,USR-02,appel,2026-06-21T00:24,non_joint,vrai,laisser un message
INT-00953,LEAD-2026-0578,USR-01,email,2026-05-25T13:07,rdv_pris,vrai,RAS
INT-00954,LEAD-2026-0578,USR-01,appel,2026-05-27T19:42,non_joint,vrai,laisser un message
INT-00955,LEAD-2026-0578,USR-01,appel,2026-05-27T22:13,joint,vrai,laisser un message
INT-00956,LEAD-2026-0580,USR-02,whatsapp,2026-06-13T19:08,rdv_pris,vrai,laisser un message
INT-00957,LEAD-2026-0580,USR-02,whatsapp,2026-06-13T11:45,joint,vrai,RAS
INT-00958,LEAD-2026-0582,USR-02,appel,2026-04-27T18:40,non_joint,vrai,
INT-00959,LEAD-2026-0585,USR-01,appel,2026-06-06T17:08,non_joint,vrai,rappeler
INT-00960,LEAD-2026-0586,USR-02,appel,2026-05-29T18:36,non_joint,vrai,laisser un message
INT-00961,LEAD-2026-0586,USR-02,appel,2026-05-30T21:19,rdv_pris,vrai,
INT-00962,LEAD-2026-0586,USR-02,sms,2026-05-31T20:25,joint,vrai,
INT-00963,LEAD-2026-0589,USR-02,appel,2026-04-18T20:35,joint,vrai,rappeler
INT-00964,LEAD-2026-0590,USR-02,whatsapp,2026-04-12T19:27,joint,vrai,rappeler
INT-00965,LEAD-2026-0590,USR-02,instagram_dm,2026-04-18T15:36,joint,vrai,
INT-00966,LEAD-2026-0592,USR-02,appel,2026-04-28T16:35,rdv_pris,vrai,
INT-00967,LEAD-2026-0592,USR-02,appel,2026-04-28T13:16,joint,vrai,laisser un message
INT-00968,LEAD-2026-0593,USR-02,instagram_dm,2026-06-04T23:25,joint,vrai,rappeler
INT-00969,LEAD-2026-0593,USR-02,whatsapp,2026-06-07T02:31,joint,vrai,
INT-00970,LEAD-2026-0594,USR-02,appel,2026-06-11T19:25,non_joint,vrai,rappeler
INT-00971,LEAD-2026-0595,USR-02,sms,2026-06-20T15:57,joint,vrai,RAS
INT-00972,LEAD-2026-0595,USR-02,whatsapp,2026-06-18T18:16,non_joint,vrai,rappeler
INT-00973,LEAD-2026-0595,USR-02,appel,2026-06-19T19:10,non_joint,vrai,
INT-00974,LEAD-2026-0596,USR-02,whatsapp,2026-04-21T20:15,non_joint,vrai,rappeler
INT-00975,LEAD-2026-0596,USR-02,instagram_dm,2026-04-22T00:22,joint,vrai,
INT-00976,LEAD-2026-0597,USR-02,whatsapp,2026-06-23T15:48,rdv_pris,vrai,
INT-00977,LEAD-2026-0597,USR-02,sms,2026-06-21T23:38,joint,vrai,
INT-00978,LEAD-2026-0597,USR-02,sms,2026-06-22T14:17,non_joint,vrai,
INT-00979,LEAD-2026-0597,USR-02,appel,2026-06-23T16:24,non_joint,vrai,
INT-00980,LEAD-2026-0599,USR-02,sms,2026-06-07T20:17,rdv_pris,vrai,laisser un message
