rdv_id,lead_id,type_rdv,proprietaire_id,date_planifiee,date_realisee,statut_rdv,relance_post_essai
RDV-0001,LEAD-2026-0001,visite,USR-01,2026-05-17T10:45,2026-05-17T10:48,realise,non_applicable
RDV-0002,LEAD-2026-0001,essai,USR-05,2026-05-19T11:45,2026-05-19T11:50,realise,vrai
RDV-0003,LEAD-2026-0002,visite,USR-02,2026-06-09T17:30,2026-06-09T17:33,realise,non_applicable
RDV-0004,LEAD-2026-0002,essai,USR-06,2026-06-13T15:30,2026-06-13T15:35,realise,vrai
RDV-0005,LEAD-2026-0004,visite,USR-02,2026-05-14T13:00,2026-05-14T13:03,realise,non_applicable
RDV-0006,LEAD-2026-0004,essai,USR-05,2026-05-14T10:00,2026-05-14T10:05,realise,faux
RDV-0007,LEAD-2026-0007,visite,USR-02,2026-06-04T21:30,2026-06-04T21:33,realise,non_applicable
RDV-0008,LEAD-2026-0007,essai,USR-06,2026-06-09T22:30,2026-06-09T22:35,realise,faux
RDV-0009,LEAD-2026-0009,visite,USR-02,2026-06-13T13:15,2026-06-13T13:18,realise,non_applicable
RDV-0010,LEAD-2026-0009,essai,USR-05,2026-06-19T13:15,,no_show,faux
RDV-0011,LEAD-2026-0012,visite,USR-01,2026-05-09T11:45,2026-05-09T11:48,realise,non_applicable
RDV-0012,LEAD-2026-0012,essai,USR-04,2026-05-12T10:45,2026-05-12T10:50,realise,vrai
RDV-0013,LEAD-2026-0014,visite,USR-01,2026-04-07T14:30,2026-04-07T14:33,realise,non_applicable
RDV-0014,LEAD-2026-0015,visite,USR-02,2026-04-03T17:00,2026-04-03T17:03,realise,non_applicable
RDV-0015,LEAD-2026-0015,essai,USR-04,2026-04-04T18:00,,no_show,faux
RDV-0016,LEAD-2026-0016,visite,USR-02,2026-05-12T21:00,2026-05-12T21:03,realise,non_applicable
RDV-0017,LEAD-2026-0016,essai,USR-04,2026-05-13T21:00,2026-05-13T21:05,realise,vrai
RDV-0018,LEAD-2026-0017,visite,USR-02,2026-05-10T12:00,2026-05-10T12:03,realise,non_applicable
RDV-0019,LEAD-2026-0017,essai,USR-04,2026-05-10T13:00,,no_show,faux
RDV-0020,LEAD-2026-0020,visite,USR-02,2026-04-06T10:15,2026-04-06T10:18,realise,non_applicable
RDV-0021,LEAD-2026-0020,essai,USR-04,2026-04-05T13:15,2026-04-05T13:20,realise,vrai
RDV-0022,LEAD-2026-0025,visite,USR-01,2026-04-23T19:15,2026-04-23T19:18,realise,non_applicable
RDV-0023,LEAD-2026-0025,essai,USR-05,2026-04-25T22:15,2026-04-25T22:20,realise,vrai
RDV-0024,LEAD-2026-0027,visite,USR-02,2026-06-03T13:00,2026-06-03T13:03,realise,non_applicable
RDV-0025,LEAD-2026-0027,essai,USR-06,2026-06-06T09:00,2026-06-06T09:05,realise,faux
RDV-0026,LEAD-2026-0028,visite,USR-02,2026-04-24T15:30,2026-04-24T15:33,realise,non_applicable
RDV-0027,LEAD-2026-0028,essai,USR-05,2026-04-30T14:30,2026-04-30T14:35,realise,faux
RDV-0028,LEAD-2026-0030,visite,USR-01,2026-05-25T12:15,2026-05-25T12:18,realise,non_applicable
RDV-0029,LEAD-2026-0030,essai,USR-05,2026-06-02T16:15,2026-06-02T16:20,realise,vrai
RDV-0030,LEAD-2026-0032,visite,USR-01,2026-06-01T14:30,2026-06-01T14:33,realise,non_applicable
RDV-0031,LEAD-2026-0032,essai,USR-05,2026-06-06T13:30,2026-06-06T13:35,realise,faux
RDV-0032,LEAD-2026-0033,visite,USR-02,2026-04-09T11:45,2026-04-09T11:48,realise,non_applicable
RDV-0033,LEAD-2026-0033,essai,USR-04,2026-04-10T16:45,2026-04-10T16:50,realise,vrai
RDV-0034,LEAD-2026-0035,visite,USR-02,2026-06-06T10:15,2026-06-06T10:18,realise,non_applicable
RDV-0035,LEAD-2026-0035,essai,USR-04,2026-06-08T13:15,2026-06-08T13:20,realise,vrai
RDV-0036,LEAD-2026-0037,visite,USR-02,2026-06-12T22:15,2026-06-12T22:18,realise,non_applicable
RDV-0037,LEAD-2026-0037,essai,USR-04,2026-06-11T19:15,,no_show,faux
RDV-0038,LEAD-2026-0039,visite,USR-02,2026-04-23T13:30,2026-04-23T13:33,realise,non_applicable
RDV-0039,LEAD-2026-0039,essai,USR-05,2026-04-30T14:30,2026-04-30T14:35,realise,vrai
RDV-0040,LEAD-2026-0040,visite,USR-02,2026-05-31T13:45,2026-05-31T13:48,realise,non_applicable
RDV-0041,LEAD-2026-0041,visite,USR-02,2026-04-27T20:00,2026-04-27T20:03,realise,non_applicable
RDV-0042,LEAD-2026-0041,essai,USR-05,2026-05-03T15:00,,no_show,faux
RDV-0043,LEAD-2026-0045,visite,USR-02,2026-04-13T21:45,2026-04-13T21:48,realise,non_applicable
RDV-0044,LEAD-2026-0045,essai,USR-06,2026-04-15T01:45,2026-04-15T01:50,realise,vrai
RDV-0045,LEAD-2026-0046,visite,USR-02,2026-05-21T17:45,2026-05-21T17:48,realise,non_applicable
RDV-0046,LEAD-2026-0046,essai,USR-04,2026-05-26T18:45,2026-05-26T18:50,realise,vrai
RDV-0047,LEAD-2026-0048,visite,USR-02,2026-06-13T22:30,2026-06-13T22:33,realise,non_applicable
RDV-0048,LEAD-2026-0048,essai,USR-04,2026-06-20T00:30,,no_show,faux
RDV-0049,LEAD-2026-0052,visite,USR-02,2026-05-24T20:15,2026-05-24T20:18,realise,non_applicable
RDV-0050,LEAD-2026-0052,essai,USR-04,2026-05-27T21:15,2026-05-27T21:20,realise,vrai
RDV-0051,LEAD-2026-0054,visite,USR-01,2026-04-17T16:30,2026-04-17T16:33,realise,non_applicable
RDV-0052,LEAD-2026-0054,essai,USR-06,2026-04-18T18:30,,no_show,faux
RDV-0053,LEAD-2026-0055,visite,USR-02,2026-04-16T17:30,2026-04-16T17:33,realise,non_applicable
RDV-0054,LEAD-2026-0055,essai,USR-04,2026-04-18T20:30,2026-04-18T20:35,realise,vrai
RDV-0055,LEAD-2026-0056,visite,USR-02,2026-05-30T16:15,2026-05-30T16:18,realise,non_applicable
RDV-0056,LEAD-2026-0056,essai,USR-05,2026-06-03T18:15,2026-06-03T18:20,realise,faux
RDV-0057,LEAD-2026-0057,visite,USR-01,2026-04-10T23:30,2026-04-10T23:33,realise,non_applicable
RDV-0058,LEAD-2026-0057,essai,USR-04,2026-04-13T20:30,,no_show,faux
RDV-0059,LEAD-2026-0060,visite,USR-01,2026-04-16T00:45,2026-04-16T00:48,realise,non_applicable
RDV-0060,LEAD-2026-0060,essai,USR-05,2026-04-21T00:45,,no_show,faux
RDV-0061,LEAD-2026-0061,visite,USR-02,2026-06-19T22:00,2026-06-19T22:03,realise,non_applicable
RDV-0062,LEAD-2026-0061,essai,USR-04,2026-06-23T23:00,,no_show,faux
RDV-0063,LEAD-2026-0064,visite,USR-02,2026-06-13T00:30,2026-06-13T00:33,realise,non_applicable
RDV-0064,LEAD-2026-0064,essai,USR-06,2026-06-14T23:30,2026-06-14T23:35,realise,vrai
RDV-0065,LEAD-2026-0066,visite,USR-02,2026-05-17T19:15,2026-05-17T19:18,realise,non_applicable
RDV-0066,LEAD-2026-0066,essai,USR-06,2026-05-20T21:15,,no_show,faux
RDV-0067,LEAD-2026-0069,visite,USR-02,2026-06-22T15:15,2026-06-22T15:18,realise,non_applicable
RDV-0068,LEAD-2026-0069,essai,USR-04,2026-06-20T12:15,,no_show,faux
RDV-0069,LEAD-2026-0071,visite,USR-02,2026-05-27T21:00,2026-05-27T21:03,realise,non_applicable
RDV-0070,LEAD-2026-0071,essai,USR-06,2026-05-29T20:00,2026-05-29T20:05,realise,vrai
RDV-0071,LEAD-2026-0079,visite,USR-02,2026-04-28T09:30,2026-04-28T09:33,realise,non_applicable
RDV-0072,LEAD-2026-0079,essai,USR-04,2026-04-30T14:30,2026-04-30T14:35,realise,vrai
RDV-0073,LEAD-2026-0081,visite,USR-02,2026-05-15T12:30,2026-05-15T12:33,realise,non_applicable
RDV-0074,LEAD-2026-0081,essai,USR-06,2026-05-16T11:30,,no_show,faux
RDV-0075,LEAD-2026-0088,visite,USR-01,2026-05-24T21:15,2026-05-24T21:18,realise,non_applicable
RDV-0076,LEAD-2026-0088,essai,USR-04,2026-05-26T21:15,,no_show,faux
RDV-0077,LEAD-2026-0089,visite,USR-02,2026-04-21T00:00,2026-04-21T00:03,realise,non_applicable
RDV-0078,LEAD-2026-0089,essai,USR-04,2026-04-25T20:00,2026-04-25T20:05,realise,vrai
RDV-0079,LEAD-2026-0090,visite,USR-02,2026-05-09T13:00,2026-05-09T13:03,realise,non_applicable
RDV-0080,LEAD-2026-0090,essai,USR-05,2026-05-09T18:00,,no_show,faux
RDV-0081,LEAD-2026-0094,visite,USR-02,2026-04-29T21:15,2026-04-29T21:18,realise,non_applicable
RDV-0082,LEAD-2026-0094,essai,USR-06,2026-05-02T18:15,2026-05-02T18:20,realise,vrai
RDV-0083,LEAD-2026-0097,visite,USR-02,2026-04-10T16:00,2026-04-10T16:03,realise,non_applicable
RDV-0084,LEAD-2026-0097,essai,USR-06,2026-04-13T13:00,2026-04-13T13:05,realise,vrai
RDV-0085,LEAD-2026-0100,visite,USR-02,2026-05-17T16:30,2026-05-17T16:33,realise,non_applicable
RDV-0086,LEAD-2026-0100,essai,USR-05,2026-05-21T17:30,2026-05-21T17:35,realise,vrai
RDV-0087,LEAD-2026-0102,visite,USR-02,2026-05-26T19:00,2026-05-26T19:03,realise,non_applicable
RDV-0088,LEAD-2026-0102,essai,USR-06,2026-05-27T16:00,2026-05-27T16:05,realise,vrai
RDV-0089,LEAD-2026-0103,visite,USR-02,2026-05-11T19:30,2026-05-11T19:33,realise,non_applicable
RDV-0090,LEAD-2026-0103,essai,USR-05,2026-05-12T21:30,2026-05-12T21:35,realise,vrai
RDV-0091,LEAD-2026-0105,visite,USR-02,2026-05-03T21:15,2026-05-03T21:18,realise,non_applicable
RDV-0092,LEAD-2026-0105,essai,USR-05,2026-05-01T17:15,2026-05-01T17:20,realise,vrai
RDV-0093,LEAD-2026-0109,visite,USR-01,2026-05-10T16:00,2026-05-10T16:03,realise,non_applicable
RDV-0094,LEAD-2026-0109,essai,USR-04,2026-05-10T20:00,2026-05-10T20:05,realise,vrai
RDV-0095,LEAD-2026-0111,visite,USR-02,2026-06-02T23:15,2026-06-02T23:18,realise,non_applicable
RDV-0096,LEAD-2026-0111,essai,USR-04,2026-06-07T19:15,,no_show,faux
RDV-0097,LEAD-2026-0113,visite,USR-01,2026-05-14T20:15,2026-05-14T20:18,realise,non_applicable
RDV-0098,LEAD-2026-0114,visite,USR-01,2026-06-09T18:45,2026-06-09T18:48,realise,non_applicable
RDV-0099,LEAD-2026-0119,visite,USR-02,2026-04-23T23:15,2026-04-23T23:18,realise,non_applicable
RDV-0100,LEAD-2026-0119,essai,USR-05,2026-05-01T23:15,,no_show,faux
RDV-0101,LEAD-2026-0120,visite,USR-01,2026-05-09T12:45,2026-05-09T12:48,realise,non_applicable
RDV-0102,LEAD-2026-0120,essai,USR-05,2026-05-15T12:45,,no_show,faux
RDV-0103,LEAD-2026-0121,visite,USR-01,2026-06-08T20:15,2026-06-08T20:18,realise,non_applicable
RDV-0104,LEAD-2026-0121,essai,USR-06,2026-06-16T18:15,2026-06-16T18:20,realise,vrai
RDV-0105,LEAD-2026-0122,visite,USR-02,2026-04-29T18:15,2026-04-29T18:18,realise,non_applicable
RDV-0106,LEAD-2026-0122,essai,USR-04,2026-05-02T15:15,,no_show,faux
RDV-0107,LEAD-2026-0123,visite,USR-02,2026-05-19T13:45,2026-05-19T13:48,realise,non_applicable
RDV-0108,LEAD-2026-0123,essai,USR-05,2026-05-23T15:45,,no_show,faux
RDV-0109,LEAD-2026-0124,visite,USR-02,2026-06-21T16:45,2026-06-21T16:48,realise,non_applicable
RDV-0110,LEAD-2026-0124,essai,USR-04,2026-06-23T22:45,2026-06-23T22:50,realise,vrai
RDV-0111,LEAD-2026-0127,visite,USR-02,2026-04-17T15:15,2026-04-17T15:18,realise,non_applicable
RDV-0112,LEAD-2026-0127,essai,USR-06,2026-04-16T10:15,2026-04-16T10:20,realise,vrai
RDV-0113,LEAD-2026-0128,visite,USR-02,2026-05-09T20:30,2026-05-09T20:33,realise,non_applicable
RDV-0114,LEAD-2026-0128,essai,USR-04,2026-05-16T19:30,,no_show,faux
RDV-0115,LEAD-2026-0130,visite,USR-01,2026-05-16T12:00,2026-05-16T12:03,realise,non_applicable
RDV-0116,LEAD-2026-0130,essai,USR-04,2026-05-20T18:00,2026-05-20T18:05,realise,vrai
RDV-0117,LEAD-2026-0134,visite,USR-02,2026-05-19T11:30,2026-05-19T11:33,realise,non_applicable
RDV-0118,LEAD-2026-0134,essai,USR-04,2026-05-24T15:30,2026-05-24T15:35,realise,vrai
RDV-0119,LEAD-2026-0143,visite,USR-02,2026-05-12T18:45,2026-05-12T18:48,realise,non_applicable
RDV-0120,LEAD-2026-0143,essai,USR-04,2026-05-14T15:45,,no_show,faux
RDV-0121,LEAD-2026-0144,visite,USR-02,2026-04-26T19:15,2026-04-26T19:18,realise,non_applicable
RDV-0122,LEAD-2026-0144,essai,USR-06,2026-04-28T19:15,2026-04-28T19:20,realise,vrai
RDV-0123,LEAD-2026-0145,visite,USR-02,2026-05-05T14:15,2026-05-05T14:18,realise,non_applicable
RDV-0124,LEAD-2026-0145,essai,USR-05,2026-05-04T11:15,2026-05-04T11:20,realise,faux
RDV-0125,LEAD-2026-0148,visite,USR-01,2026-05-17T14:30,2026-05-17T14:33,realise,non_applicable
RDV-0126,LEAD-2026-0148,essai,USR-05,2026-05-17T14:30,2026-05-17T14:35,realise,faux
RDV-0127,LEAD-2026-0149,visite,USR-02,2026-05-03T19:30,2026-05-03T19:33,realise,non_applicable
RDV-0128,LEAD-2026-0149,essai,USR-06,2026-05-04T23:30,2026-05-04T23:35,realise,vrai
RDV-0129,LEAD-2026-0154,visite,USR-02,2026-04-11T15:00,2026-04-11T15:03,realise,non_applicable
RDV-0130,LEAD-2026-0154,essai,USR-05,2026-04-12T20:00,,no_show,faux
RDV-0131,LEAD-2026-0158,visite,USR-02,2026-06-21T15:30,2026-06-21T15:33,realise,non_applicable
RDV-0132,LEAD-2026-0158,essai,USR-05,2026-06-19T16:30,2026-06-19T16:35,realise,vrai
RDV-0133,LEAD-2026-0163,visite,USR-01,2026-04-06T15:45,2026-04-06T15:48,realise,non_applicable
RDV-0134,LEAD-2026-0163,essai,USR-06,2026-04-11T17:45,2026-04-11T17:50,realise,vrai
RDV-0135,LEAD-2026-0164,visite,USR-02,2026-05-18T14:30,2026-05-18T14:33,realise,non_applicable
RDV-0136,LEAD-2026-0164,essai,USR-04,2026-05-21T10:30,2026-05-21T10:35,realise,vrai
RDV-0137,LEAD-2026-0170,visite,USR-01,2026-04-24T10:30,2026-04-24T10:33,realise,non_applicable
RDV-0138,LEAD-2026-0170,essai,USR-04,2026-04-24T10:30,2026-04-24T10:35,realise,vrai
RDV-0139,LEAD-2026-0172,visite,USR-02,2026-06-20T01:30,2026-06-20T01:33,realise,non_applicable
RDV-0140,LEAD-2026-0172,essai,USR-06,2026-06-21T22:30,2026-06-21T22:35,realise,vrai
RDV-0141,LEAD-2026-0173,visite,USR-02,2026-06-15T19:15,2026-06-15T19:18,realise,non_applicable
RDV-0142,LEAD-2026-0173,essai,USR-05,2026-06-17T16:15,,no_show,faux
RDV-0143,LEAD-2026-0174,visite,USR-02,2026-04-29T13:45,2026-04-29T13:48,realise,non_applicable
RDV-0144,LEAD-2026-0174,essai,USR-06,2026-05-02T11:45,2026-05-02T11:50,realise,faux
RDV-0145,LEAD-2026-0176,visite,USR-02,2026-04-05T19:30,2026-04-05T19:33,realise,non_applicable
RDV-0146,LEAD-2026-0176,essai,USR-05,2026-04-06T19:30,,no_show,faux
RDV-0147,LEAD-2026-0177,visite,USR-02,2026-05-24T13:45,2026-05-24T13:48,realise,non_applicable
RDV-0148,LEAD-2026-0177,essai,USR-05,2026-05-25T14:45,2026-05-25T14:50,realise,faux
RDV-0149,LEAD-2026-0178,visite,USR-01,2026-05-11T20:30,2026-05-11T20:33,realise,non_applicable
RDV-0150,LEAD-2026-0178,essai,USR-06,2026-05-13T01:30,2026-05-13T01:35,realise,faux
RDV-0151,LEAD-2026-0185,visite,USR-01,2026-04-07T17:00,2026-04-07T17:03,realise,non_applicable
RDV-0152,LEAD-2026-0185,essai,USR-05,2026-04-15T13:00,,no_show,faux
RDV-0153,LEAD-2026-0188,visite,USR-02,2026-05-28T12:30,2026-05-28T12:33,realise,non_applicable
RDV-0154,LEAD-2026-0188,essai,USR-05,2026-05-31T11:30,,no_show,faux
RDV-0155,LEAD-2026-0194,visite,USR-02,2026-04-15T20:15,2026-04-15T20:18,realise,non_applicable
RDV-0156,LEAD-2026-0194,essai,USR-05,2026-04-19T17:15,2026-04-19T17:20,realise,faux
RDV-0157,LEAD-2026-0197,visite,USR-02,2026-05-10T15:00,2026-05-10T15:03,realise,non_applicable
RDV-0158,LEAD-2026-0197,essai,USR-04,2026-05-11T13:00,,no_show,faux
RDV-0159,LEAD-2026-0198,visite,USR-02,2026-06-17T21:30,2026-06-17T21:33,realise,non_applicable
RDV-0160,LEAD-2026-0198,essai,USR-06,2026-06-22T18:30,2026-06-22T18:35,realise,vrai
RDV-0161,LEAD-2026-0199,visite,USR-02,2026-04-24T11:15,2026-04-24T11:18,realise,non_applicable
RDV-0162,LEAD-2026-0199,essai,USR-05,2026-05-01T08:15,,no_show,faux
RDV-0163,LEAD-2026-0203,visite,USR-02,2026-06-13T18:00,2026-06-13T18:03,realise,non_applicable
RDV-0164,LEAD-2026-0203,essai,USR-06,2026-06-18T20:00,2026-06-18T20:05,realise,vrai
RDV-0165,LEAD-2026-0206,visite,USR-02,2026-05-20T22:00,2026-05-20T22:03,realise,non_applicable
RDV-0166,LEAD-2026-0206,essai,USR-05,2026-05-27T21:00,2026-05-27T21:05,realise,faux
RDV-0167,LEAD-2026-0207,visite,USR-02,2026-06-15T14:15,2026-06-15T14:18,realise,non_applicable
RDV-0168,LEAD-2026-0210,visite,USR-02,2026-06-13T17:15,2026-06-13T17:18,realise,non_applicable
RDV-0169,LEAD-2026-0210,essai,USR-05,2026-06-12T16:15,2026-06-12T16:20,realise,vrai
RDV-0170,LEAD-2026-0211,visite,USR-02,2026-04-17T23:30,2026-04-17T23:33,realise,non_applicable
RDV-0171,LEAD-2026-0211,essai,USR-05,2026-04-23T19:30,2026-04-23T19:35,realise,vrai
RDV-0172,LEAD-2026-0212,visite,USR-02,2026-06-07T16:15,2026-06-07T16:18,realise,non_applicable
RDV-0173,LEAD-2026-0212,essai,USR-06,2026-06-15T19:15,,no_show,faux
RDV-0174,LEAD-2026-0215,visite,USR-02,2026-05-25T19:00,2026-05-25T19:03,realise,non_applicable
RDV-0175,LEAD-2026-0215,essai,USR-06,2026-05-30T22:00,2026-05-30T22:05,realise,faux
RDV-0176,LEAD-2026-0216,visite,USR-02,2026-04-29T17:30,2026-04-29T17:33,realise,non_applicable
RDV-0177,LEAD-2026-0216,essai,USR-06,2026-05-01T16:30,,no_show,faux
RDV-0178,LEAD-2026-0217,visite,USR-02,2026-04-16T17:45,2026-04-16T17:48,realise,non_applicable
RDV-0179,LEAD-2026-0217,essai,USR-06,2026-04-21T15:45,,no_show,faux
RDV-0180,LEAD-2026-0224,visite,USR-02,2026-06-15T23:45,2026-06-15T23:48,realise,non_applicable
RDV-0181,LEAD-2026-0224,essai,USR-06,2026-06-20T00:45,,no_show,faux
RDV-0182,LEAD-2026-0225,visite,USR-02,2026-04-17T22:30,2026-04-17T22:33,realise,non_applicable
RDV-0183,LEAD-2026-0225,essai,USR-05,2026-04-20T22:30,,no_show,faux
RDV-0184,LEAD-2026-0226,visite,USR-02,2026-04-09T11:30,2026-04-09T11:33,realise,non_applicable
RDV-0185,LEAD-2026-0226,essai,USR-06,2026-04-10T13:30,,no_show,faux
RDV-0186,LEAD-2026-0228,visite,USR-02,2026-06-22T16:30,2026-06-22T16:33,realise,non_applicable
RDV-0187,LEAD-2026-0228,essai,USR-06,2026-06-22T16:30,2026-06-22T16:35,realise,faux
RDV-0188,LEAD-2026-0232,visite,USR-02,2026-04-29T01:00,2026-04-29T01:03,realise,non_applicable
RDV-0189,LEAD-2026-0232,essai,USR-04,2026-04-29T22:00,2026-04-29T22:05,realise,vrai
RDV-0190,LEAD-2026-0236,visite,USR-02,2026-04-19T16:00,2026-04-19T16:03,realise,non_applicable
RDV-0191,LEAD-2026-0236,essai,USR-04,2026-04-19T18:00,,no_show,faux
RDV-0192,LEAD-2026-0238,visite,USR-01,2026-06-19T08:15,2026-06-19T08:18,realise,non_applicable
RDV-0193,LEAD-2026-0238,essai,USR-06,2026-06-22T13:15,,no_show,faux
RDV-0194,LEAD-2026-0239,visite,USR-01,2026-06-22T14:00,2026-06-22T14:03,realise,non_applicable
RDV-0195,LEAD-2026-0239,essai,USR-04,2026-06-27T14:00,2026-06-27T14:05,realise,vrai
RDV-0196,LEAD-2026-0241,visite,USR-02,2026-05-24T16:15,2026-05-24T16:18,realise,non_applicable
RDV-0197,LEAD-2026-0241,essai,USR-04,2026-05-28T17:15,,no_show,faux
RDV-0198,LEAD-2026-0244,visite,USR-02,2026-05-24T22:30,2026-05-24T22:33,realise,non_applicable
RDV-0199,LEAD-2026-0246,visite,USR-02,2026-05-12T12:00,2026-05-12T12:03,realise,non_applicable
RDV-0200,LEAD-2026-0246,essai,USR-06,2026-05-15T12:00,,no_show,faux
RDV-0201,LEAD-2026-0247,visite,USR-01,2026-04-11T20:30,2026-04-11T20:33,realise,non_applicable
RDV-0202,LEAD-2026-0247,essai,USR-06,2026-04-15T15:30,2026-04-15T15:35,realise,faux
RDV-0203,LEAD-2026-0249,visite,USR-01,2026-04-26T12:30,2026-04-26T12:33,realise,non_applicable
RDV-0204,LEAD-2026-0249,essai,USR-04,2026-04-29T14:30,,no_show,faux
RDV-0205,LEAD-2026-0250,visite,USR-02,2026-05-14T00:45,2026-05-14T00:48,realise,non_applicable
RDV-0206,LEAD-2026-0250,essai,USR-06,2026-05-15T20:45,,no_show,faux
RDV-0207,LEAD-2026-0252,visite,USR-02,2026-05-08T18:00,2026-05-08T18:03,realise,non_applicable
RDV-0208,LEAD-2026-0253,visite,USR-02,2026-04-17T18:15,2026-04-17T18:18,realise,non_applicable
RDV-0209,LEAD-2026-0253,essai,USR-05,2026-04-18T20:15,,no_show,faux
RDV-0210,LEAD-2026-0256,visite,USR-02,2026-06-17T14:30,2026-06-17T14:33,realise,non_applicable
RDV-0211,LEAD-2026-0256,essai,USR-05,2026-06-20T10:30,,no_show,faux
RDV-0212,LEAD-2026-0257,visite,USR-01,2026-05-29T01:45,2026-05-29T01:48,realise,non_applicable
RDV-0213,LEAD-2026-0257,essai,USR-04,2026-05-30T22:45,2026-05-30T22:50,realise,faux
RDV-0214,LEAD-2026-0259,visite,USR-02,2026-05-27T11:30,2026-05-27T11:33,realise,non_applicable
RDV-0215,LEAD-2026-0259,essai,USR-04,2026-05-26T15:30,2026-05-26T15:35,realise,vrai
RDV-0216,LEAD-2026-0260,visite,USR-02,2026-06-22T16:00,2026-06-22T16:03,realise,non_applicable
RDV-0217,LEAD-2026-0265,visite,USR-02,2026-05-11T21:45,2026-05-11T21:48,realise,non_applicable
RDV-0218,LEAD-2026-0265,essai,USR-04,2026-05-16T19:45,,no_show,faux
RDV-0219,LEAD-2026-0269,visite,USR-02,2026-04-14T17:30,2026-04-14T17:33,realise,non_applicable
RDV-0220,LEAD-2026-0269,essai,USR-04,2026-04-16T16:30,2026-04-16T16:35,realise,vrai
RDV-0221,LEAD-2026-0274,visite,USR-02,2026-05-01T13:30,2026-05-01T13:33,realise,non_applicable
RDV-0222,LEAD-2026-0274,essai,USR-06,2026-05-05T14:30,2026-05-05T14:35,realise,vrai
RDV-0223,LEAD-2026-0275,visite,USR-02,2026-05-22T15:45,2026-05-22T15:48,realise,non_applicable
RDV-0224,LEAD-2026-0275,essai,USR-06,2026-05-25T14:45,,no_show,faux
RDV-0225,LEAD-2026-0277,visite,USR-02,2026-06-23T19:15,2026-06-23T19:18,realise,non_applicable
RDV-0226,LEAD-2026-0277,essai,USR-05,2026-06-24T18:15,2026-06-24T18:20,realise,faux
RDV-0227,LEAD-2026-0278,visite,USR-02,2026-05-26T15:30,2026-05-26T15:33,realise,non_applicable
RDV-0228,LEAD-2026-0278,essai,USR-04,2026-05-28T14:30,2026-05-28T14:35,realise,vrai
RDV-0229,LEAD-2026-0281,visite,USR-02,2026-04-26T18:45,2026-04-26T18:48,realise,non_applicable
RDV-0230,LEAD-2026-0281,essai,USR-06,2026-05-03T22:45,,no_show,faux
RDV-0231,LEAD-2026-0283,visite,USR-02,2026-04-12T16:00,2026-04-12T16:03,realise,non_applicable
RDV-0232,LEAD-2026-0283,essai,USR-06,2026-04-13T20:00,,no_show,faux
RDV-0233,LEAD-2026-0287,visite,USR-02,2026-06-10T16:45,2026-06-10T16:48,realise,non_applicable
RDV-0234,LEAD-2026-0287,essai,USR-05,2026-06-15T20:45,,no_show,faux
RDV-0235,LEAD-2026-0290,visite,USR-02,2026-04-19T18:45,2026-04-19T18:48,realise,non_applicable
RDV-0236,LEAD-2026-0290,essai,USR-04,2026-04-19T16:45,2026-04-19T16:50,realise,vrai
RDV-0237,LEAD-2026-0293,visite,USR-02,2026-05-04T15:00,2026-05-04T15:03,realise,non_applicable
RDV-0238,LEAD-2026-0293,essai,USR-05,2026-05-07T10:00,,no_show,faux
RDV-0239,LEAD-2026-0294,visite,USR-02,2026-05-29T13:15,2026-05-29T13:18,realise,non_applicable
RDV-0240,LEAD-2026-0294,essai,USR-06,2026-06-06T10:15,2026-06-06T10:20,realise,vrai
RDV-0241,LEAD-2026-0295,visite,USR-02,2026-06-22T00:30,2026-06-22T00:33,realise,non_applicable
RDV-0242,LEAD-2026-0295,essai,USR-06,2026-06-25T22:30,2026-06-25T22:35,realise,vrai
RDV-0243,LEAD-2026-0297,visite,USR-02,2026-05-30T16:30,2026-05-30T16:33,realise,non_applicable
RDV-0244,LEAD-2026-0297,essai,USR-05,2026-06-04T17:30,2026-06-04T17:35,realise,faux
RDV-0245,LEAD-2026-0298,visite,USR-02,2026-04-21T00:45,2026-04-21T00:48,realise,non_applicable
RDV-0246,LEAD-2026-0299,visite,USR-01,2026-04-19T19:30,2026-04-19T19:33,realise,non_applicable
RDV-0247,LEAD-2026-0302,visite,USR-01,2026-05-12T13:30,2026-05-12T13:33,realise,non_applicable
RDV-0248,LEAD-2026-0302,essai,USR-05,2026-05-15T12:30,,no_show,faux
RDV-0249,LEAD-2026-0306,visite,USR-02,2026-05-03T22:00,2026-05-03T22:03,realise,non_applicable
RDV-0250,LEAD-2026-0306,essai,USR-05,2026-05-05T17:00,2026-05-05T17:05,realise,vrai
RDV-0251,LEAD-2026-0307,visite,USR-02,2026-05-29T10:45,2026-05-29T10:48,realise,non_applicable
RDV-0252,LEAD-2026-0307,essai,USR-05,2026-06-04T14:45,,no_show,faux
RDV-0253,LEAD-2026-0309,visite,USR-01,2026-05-22T15:15,2026-05-22T15:18,realise,non_applicable
RDV-0254,LEAD-2026-0309,essai,USR-05,2026-05-25T14:15,2026-05-25T14:20,realise,faux
RDV-0255,LEAD-2026-0314,visite,USR-02,2026-06-21T11:30,2026-06-21T11:33,realise,non_applicable
RDV-0256,LEAD-2026-0314,essai,USR-05,2026-06-23T12:30,,no_show,faux
RDV-0257,LEAD-2026-0315,visite,USR-02,2026-05-28T10:15,2026-05-28T10:18,realise,non_applicable
RDV-0258,LEAD-2026-0315,essai,USR-06,2026-06-01T16:15,,no_show,faux
RDV-0259,LEAD-2026-0318,visite,USR-02,2026-05-23T13:45,2026-05-23T13:48,realise,non_applicable
RDV-0260,LEAD-2026-0318,essai,USR-04,2026-05-31T14:45,,no_show,faux
RDV-0261,LEAD-2026-0320,visite,USR-01,2026-04-30T17:30,2026-04-30T17:33,realise,non_applicable
RDV-0262,LEAD-2026-0320,essai,USR-06,2026-05-06T15:30,,no_show,faux
RDV-0263,LEAD-2026-0322,visite,USR-02,2026-05-08T17:30,2026-05-08T17:33,realise,non_applicable
RDV-0264,LEAD-2026-0322,essai,USR-04,2026-05-06T20:30,2026-05-06T20:35,realise,vrai
RDV-0265,LEAD-2026-0328,visite,USR-02,2026-05-25T17:30,2026-05-25T17:33,realise,non_applicable
RDV-0266,LEAD-2026-0328,essai,USR-04,2026-05-31T17:30,2026-05-31T17:35,realise,vrai
RDV-0267,LEAD-2026-0329,visite,USR-02,2026-06-02T17:45,2026-06-02T17:48,realise,non_applicable
RDV-0268,LEAD-2026-0329,essai,USR-06,2026-06-02T18:45,,no_show,faux
RDV-0269,LEAD-2026-0331,visite,USR-02,2026-05-01T20:30,2026-05-01T20:33,realise,non_applicable
RDV-0270,LEAD-2026-0331,essai,USR-04,2026-05-06T19:30,2026-05-06T19:35,realise,vrai
RDV-0271,LEAD-2026-0336,visite,USR-02,2026-05-26T17:45,2026-05-26T17:48,realise,non_applicable
RDV-0272,LEAD-2026-0336,essai,USR-06,2026-05-26T18:45,,no_show,faux
RDV-0273,LEAD-2026-0337,visite,USR-02,2026-05-03T17:45,2026-05-03T17:48,realise,non_applicable
RDV-0274,LEAD-2026-0337,essai,USR-05,2026-05-01T15:45,2026-05-01T15:50,realise,faux
RDV-0275,LEAD-2026-0340,visite,USR-02,2026-05-26T22:15,2026-05-26T22:18,realise,non_applicable
RDV-0276,LEAD-2026-0340,essai,USR-04,2026-06-03T20:15,2026-06-03T20:20,realise,vrai
RDV-0277,LEAD-2026-0344,visite,USR-01,2026-05-28T16:15,2026-05-28T16:18,realise,non_applicable
RDV-0278,LEAD-2026-0344,essai,USR-05,2026-05-27T16:15,,no_show,faux
RDV-0279,LEAD-2026-0345,visite,USR-02,2026-04-30T20:45,2026-04-30T20:48,realise,non_applicable
RDV-0280,LEAD-2026-0345,essai,USR-06,2026-05-08T21:45,2026-05-08T21:50,realise,vrai
RDV-0281,LEAD-2026-0351,visite,USR-01,2026-06-03T20:30,2026-06-03T20:33,realise,non_applicable
RDV-0282,LEAD-2026-0351,essai,USR-06,2026-06-08T16:30,,no_show,faux
RDV-0283,LEAD-2026-0352,visite,USR-02,2026-06-05T14:45,2026-06-05T14:48,realise,non_applicable
RDV-0284,LEAD-2026-0352,essai,USR-06,2026-06-05T14:45,2026-06-05T14:50,realise,vrai
RDV-0285,LEAD-2026-0358,visite,USR-02,2026-04-27T13:00,2026-04-27T13:03,realise,non_applicable
RDV-0286,LEAD-2026-0358,essai,USR-05,2026-05-01T15:00,,no_show,faux
RDV-0287,LEAD-2026-0361,visite,USR-02,2026-06-22T01:30,2026-06-22T01:33,realise,non_applicable
RDV-0288,LEAD-2026-0361,essai,USR-06,2026-06-25T00:30,,no_show,faux
RDV-0289,LEAD-2026-0362,visite,USR-02,2026-05-07T12:45,2026-05-07T12:48,realise,non_applicable
RDV-0290,LEAD-2026-0364,visite,USR-01,2026-04-24T17:45,2026-04-24T17:48,realise,non_applicable
RDV-0291,LEAD-2026-0364,essai,USR-04,2026-04-25T15:45,,no_show,faux
RDV-0292,LEAD-2026-0365,visite,USR-02,2026-05-16T23:00,2026-05-16T23:03,realise,non_applicable
RDV-0293,LEAD-2026-0365,essai,USR-04,2026-05-24T23:00,,no_show,faux
RDV-0294,LEAD-2026-0367,visite,USR-02,2026-05-19T11:45,2026-05-19T11:48,realise,non_applicable
RDV-0295,LEAD-2026-0367,essai,USR-04,2026-05-21T13:45,,no_show,faux
RDV-0296,LEAD-2026-0372,visite,USR-02,2026-04-13T14:15,2026-04-13T14:18,realise,non_applicable
RDV-0297,LEAD-2026-0372,essai,USR-06,2026-04-17T13:15,,no_show,faux
RDV-0298,LEAD-2026-0374,visite,USR-02,2026-04-07T21:30,2026-04-07T21:33,realise,non_applicable
RDV-0299,LEAD-2026-0374,essai,USR-06,2026-04-11T21:30,2026-04-11T21:35,realise,vrai
RDV-0300,LEAD-2026-0376,visite,USR-02,2026-04-22T21:00,2026-04-22T21:03,realise,non_applicable
RDV-0301,LEAD-2026-0376,essai,USR-06,2026-04-23T22:00,,no_show,faux
RDV-0302,LEAD-2026-0377,visite,USR-02,2026-05-04T11:00,2026-05-04T11:03,realise,non_applicable
RDV-0303,LEAD-2026-0377,essai,USR-04,2026-05-11T15:00,,no_show,faux
RDV-0304,LEAD-2026-0379,visite,USR-01,2026-04-10T20:45,2026-04-10T20:48,realise,non_applicable
RDV-0305,LEAD-2026-0379,essai,USR-04,2026-04-15T18:45,,no_show,faux
RDV-0306,LEAD-2026-0381,visite,USR-02,2026-04-22T19:15,2026-04-22T19:18,realise,non_applicable
RDV-0307,LEAD-2026-0381,essai,USR-04,2026-04-24T18:15,2026-04-24T18:20,realise,vrai
RDV-0308,LEAD-2026-0383,visite,USR-02,2026-05-09T19:00,2026-05-09T19:03,realise,non_applicable
RDV-0309,LEAD-2026-0383,essai,USR-06,2026-05-13T17:00,,no_show,faux
RDV-0310,LEAD-2026-0384,visite,USR-02,2026-06-03T18:45,2026-06-03T18:48,realise,non_applicable
RDV-0311,LEAD-2026-0384,essai,USR-06,2026-06-10T18:45,2026-06-10T18:50,realise,vrai
RDV-0312,LEAD-2026-0387,visite,USR-02,2026-06-10T18:15,2026-06-10T18:18,realise,non_applicable
RDV-0313,LEAD-2026-0387,essai,USR-05,2026-06-17T19:15,2026-06-17T19:20,realise,vrai
RDV-0314,LEAD-2026-0388,visite,USR-02,2026-04-29T18:45,2026-04-29T18:48,realise,non_applicable
RDV-0315,LEAD-2026-0388,essai,USR-04,2026-05-01T18:45,,no_show,faux
RDV-0316,LEAD-2026-0389,visite,USR-02,2026-06-06T15:30,2026-06-06T15:33,realise,non_applicable
RDV-0317,LEAD-2026-0389,essai,USR-05,2026-06-09T14:30,,no_show,faux
RDV-0318,LEAD-2026-0390,visite,USR-02,2026-05-05T17:00,2026-05-05T17:03,realise,non_applicable
RDV-0319,LEAD-2026-0390,essai,USR-06,2026-05-10T13:00,2026-05-10T13:05,realise,faux
RDV-0320,LEAD-2026-0397,visite,USR-02,2026-05-09T12:15,2026-05-09T12:18,realise,non_applicable
RDV-0321,LEAD-2026-0397,essai,USR-06,2026-05-08T15:15,,no_show,faux
RDV-0322,LEAD-2026-0399,visite,USR-02,2026-04-28T20:30,2026-04-28T20:33,realise,non_applicable
RDV-0323,LEAD-2026-0399,essai,USR-06,2026-05-03T17:30,2026-05-03T17:35,realise,vrai
RDV-0324,LEAD-2026-0400,visite,USR-02,2026-05-09T14:00,2026-05-09T14:03,realise,non_applicable
RDV-0325,LEAD-2026-0400,essai,USR-06,2026-05-12T19:00,2026-05-12T19:05,realise,vrai
RDV-0326,LEAD-2026-0403,visite,USR-02,2026-05-06T20:00,2026-05-06T20:03,realise,non_applicable
RDV-0327,LEAD-2026-0403,essai,USR-05,2026-05-05T20:00,2026-05-05T20:05,realise,faux
RDV-0328,LEAD-2026-0405,visite,USR-01,2026-04-28T10:00,2026-04-28T10:03,realise,non_applicable
RDV-0329,LEAD-2026-0405,essai,USR-04,2026-04-30T13:00,2026-04-30T13:05,realise,faux
RDV-0330,LEAD-2026-0407,visite,USR-02,2026-06-01T22:15,2026-06-01T22:18,realise,non_applicable
RDV-0331,LEAD-2026-0407,essai,USR-05,2026-06-04T19:15,2026-06-04T19:20,realise,faux
RDV-0332,LEAD-2026-0414,visite,USR-02,2026-06-07T17:30,2026-06-07T17:33,realise,non_applicable
RDV-0333,LEAD-2026-0417,visite,USR-02,2026-04-27T21:15,2026-04-27T21:18,realise,non_applicable
RDV-0334,LEAD-2026-0417,essai,USR-05,2026-04-28T18:15,,no_show,faux
RDV-0335,LEAD-2026-0420,visite,USR-02,2026-04-25T19:15,2026-04-25T19:18,realise,non_applicable
RDV-0336,LEAD-2026-0420,essai,USR-04,2026-05-02T21:15,,no_show,faux
RDV-0337,LEAD-2026-0422,visite,USR-02,2026-04-08T17:45,2026-04-08T17:48,realise,non_applicable
RDV-0338,LEAD-2026-0422,essai,USR-05,2026-04-10T20:45,2026-04-10T20:50,realise,faux
RDV-0339,LEAD-2026-0426,visite,USR-02,2026-04-29T21:15,2026-04-29T21:18,realise,non_applicable
RDV-0340,LEAD-2026-0426,essai,USR-06,2026-05-02T23:15,2026-05-02T23:20,realise,vrai
RDV-0341,LEAD-2026-0427,visite,USR-02,2026-04-05T20:30,2026-04-05T20:33,realise,non_applicable
RDV-0342,LEAD-2026-0427,essai,USR-05,2026-04-05T19:30,2026-04-05T19:35,realise,vrai
RDV-0343,LEAD-2026-0429,visite,USR-02,2026-06-02T23:45,2026-06-02T23:48,realise,non_applicable
RDV-0344,LEAD-2026-0429,essai,USR-06,2026-06-06T01:45,2026-06-06T01:50,realise,vrai
RDV-0345,LEAD-2026-0430,visite,USR-02,2026-04-23T11:15,2026-04-23T11:18,realise,non_applicable
RDV-0346,LEAD-2026-0433,visite,USR-02,2026-05-29T19:45,2026-05-29T19:48,realise,non_applicable
RDV-0347,LEAD-2026-0433,essai,USR-05,2026-05-31T19:45,2026-05-31T19:50,realise,vrai
RDV-0348,LEAD-2026-0437,visite,USR-02,2026-05-11T17:45,2026-05-11T17:48,realise,non_applicable
RDV-0349,LEAD-2026-0437,essai,USR-05,2026-05-14T20:45,2026-05-14T20:50,realise,faux
RDV-0350,LEAD-2026-0440,visite,USR-02,2026-04-21T17:15,2026-04-21T17:18,realise,non_applicable
RDV-0351,LEAD-2026-0440,essai,USR-06,2026-04-24T18:15,,no_show,faux
RDV-0352,LEAD-2026-0442,visite,USR-01,2026-05-24T21:15,2026-05-24T21:18,realise,non_applicable
RDV-0353,LEAD-2026-0442,essai,USR-04,2026-05-25T22:15,,no_show,faux
RDV-0354,LEAD-2026-0443,visite,USR-02,2026-06-10T14:15,2026-06-10T14:18,realise,non_applicable
RDV-0355,LEAD-2026-0444,visite,USR-01,2026-06-22T11:45,2026-06-22T11:48,realise,non_applicable
RDV-0356,LEAD-2026-0444,essai,USR-06,2026-06-28T11:45,2026-06-28T11:50,realise,faux
RDV-0357,LEAD-2026-0445,visite,USR-02,2026-06-22T12:30,2026-06-22T12:33,realise,non_applicable
RDV-0358,LEAD-2026-0445,essai,USR-04,2026-06-25T15:30,2026-06-25T15:35,realise,vrai
RDV-0359,LEAD-2026-0446,visite,USR-02,2026-06-19T13:45,2026-06-19T13:48,realise,non_applicable
RDV-0360,LEAD-2026-0446,essai,USR-06,2026-06-19T15:45,,no_show,faux
RDV-0361,LEAD-2026-0448,visite,USR-02,2026-04-27T15:00,2026-04-27T15:03,realise,non_applicable
RDV-0362,LEAD-2026-0448,essai,USR-05,2026-04-28T18:00,2026-04-28T18:05,realise,vrai
RDV-0363,LEAD-2026-0449,visite,USR-02,2026-06-21T19:30,2026-06-21T19:33,realise,non_applicable
RDV-0364,LEAD-2026-0449,essai,USR-04,2026-06-25T16:30,2026-06-25T16:35,realise,vrai
RDV-0365,LEAD-2026-0454,visite,USR-02,2026-04-04T19:00,2026-04-04T19:03,realise,non_applicable
RDV-0366,LEAD-2026-0454,essai,USR-05,2026-04-05T20:00,,no_show,faux
RDV-0367,LEAD-2026-0459,visite,USR-02,2026-05-15T12:00,2026-05-15T12:03,realise,non_applicable
RDV-0368,LEAD-2026-0459,essai,USR-06,2026-05-16T12:00,,no_show,faux
RDV-0369,LEAD-2026-0464,visite,USR-01,2026-06-22T16:45,2026-06-22T16:48,realise,non_applicable
RDV-0370,LEAD-2026-0464,essai,USR-04,2026-06-25T20:45,2026-06-25T20:50,realise,vrai
RDV-0371,LEAD-2026-0466,visite,USR-02,2026-06-01T20:30,2026-06-01T20:33,realise,non_applicable
RDV-0372,LEAD-2026-0466,essai,USR-05,2026-06-04T19:30,2026-06-04T19:35,realise,vrai
RDV-0373,LEAD-2026-0468,visite,USR-02,2026-04-05T21:30,2026-04-05T21:33,realise,non_applicable
RDV-0374,LEAD-2026-0468,essai,USR-05,2026-04-08T16:30,2026-04-08T16:35,realise,vrai
RDV-0375,LEAD-2026-0470,visite,USR-02,2026-04-20T19:15,2026-04-20T19:18,realise,non_applicable
RDV-0376,LEAD-2026-0470,essai,USR-04,2026-04-28T19:15,2026-04-28T19:20,realise,vrai
RDV-0377,LEAD-2026-0471,visite,USR-02,2026-06-19T16:30,2026-06-19T16:33,realise,non_applicable
RDV-0378,LEAD-2026-0471,essai,USR-04,2026-06-27T11:30,2026-06-27T11:35,realise,vrai
RDV-0379,LEAD-2026-0472,visite,USR-02,2026-04-17T19:45,2026-04-17T19:48,realise,non_applicable
RDV-0380,LEAD-2026-0472,essai,USR-05,2026-04-24T19:45,,no_show,faux
RDV-0381,LEAD-2026-0474,visite,USR-02,2026-05-16T17:15,2026-05-16T17:18,realise,non_applicable
RDV-0382,LEAD-2026-0474,essai,USR-04,2026-05-15T14:15,,no_show,faux
RDV-0383,LEAD-2026-0476,visite,USR-02,2026-06-10T01:30,2026-06-10T01:33,realise,non_applicable
RDV-0384,LEAD-2026-0476,essai,USR-05,2026-06-16T19:30,2026-06-16T19:35,realise,vrai
RDV-0385,LEAD-2026-0478,visite,USR-01,2026-05-08T21:30,2026-05-08T21:33,realise,non_applicable
RDV-0386,LEAD-2026-0478,essai,USR-05,2026-05-11T00:30,2026-05-11T00:35,realise,vrai
RDV-0387,LEAD-2026-0480,visite,USR-02,2026-04-26T08:00,2026-04-26T08:03,realise,non_applicable
RDV-0388,LEAD-2026-0480,essai,USR-04,2026-05-01T09:00,2026-05-01T09:05,realise,vrai
RDV-0389,LEAD-2026-0482,visite,USR-02,2026-06-09T09:15,2026-06-09T09:18,realise,non_applicable
RDV-0390,LEAD-2026-0482,essai,USR-06,2026-06-09T13:15,2026-06-09T13:20,realise,faux
RDV-0391,LEAD-2026-0483,visite,USR-01,2026-04-07T16:00,2026-04-07T16:03,realise,non_applicable
RDV-0392,LEAD-2026-0483,essai,USR-06,2026-04-11T16:00,2026-04-11T16:05,realise,vrai
RDV-0393,LEAD-2026-0488,visite,USR-01,2026-05-16T00:30,2026-05-16T00:33,realise,non_applicable
RDV-0394,LEAD-2026-0488,essai,USR-05,2026-05-20T23:30,2026-05-20T23:35,realise,faux
RDV-0395,LEAD-2026-0490,visite,USR-01,2026-06-07T13:45,2026-06-07T13:48,realise,non_applicable
RDV-0396,LEAD-2026-0490,essai,USR-06,2026-06-08T12:45,2026-06-08T12:50,realise,vrai
RDV-0397,LEAD-2026-0491,visite,USR-02,2026-04-13T17:00,2026-04-13T17:03,realise,non_applicable
RDV-0398,LEAD-2026-0491,essai,USR-05,2026-04-17T16:00,2026-04-17T16:05,realise,vrai
RDV-0399,LEAD-2026-0492,visite,USR-02,2026-05-30T20:45,2026-05-30T20:48,realise,non_applicable
RDV-0400,LEAD-2026-0492,essai,USR-06,2026-06-05T19:45,2026-06-05T19:50,realise,vrai
RDV-0401,LEAD-2026-0493,visite,USR-02,2026-05-26T21:00,2026-05-26T21:03,realise,non_applicable
RDV-0402,LEAD-2026-0495,visite,USR-02,2026-05-13T14:30,2026-05-13T14:33,realise,non_applicable
RDV-0403,LEAD-2026-0495,essai,USR-04,2026-05-15T16:30,,no_show,faux
RDV-0404,LEAD-2026-0499,visite,USR-02,2026-05-18T10:45,2026-05-18T10:48,realise,non_applicable
RDV-0405,LEAD-2026-0499,essai,USR-04,2026-05-25T13:45,2026-05-25T13:50,realise,vrai
RDV-0406,LEAD-2026-0501,visite,USR-02,2026-04-05T15:45,2026-04-05T15:48,realise,non_applicable
RDV-0407,LEAD-2026-0501,essai,USR-06,2026-04-10T15:45,2026-04-10T15:50,realise,vrai
RDV-0408,LEAD-2026-0503,visite,USR-01,2026-05-31T21:00,2026-05-31T21:03,realise,non_applicable
RDV-0409,LEAD-2026-0503,essai,USR-05,2026-05-30T19:00,2026-05-30T19:05,realise,vrai
RDV-0410,LEAD-2026-0504,visite,USR-01,2026-06-15T11:45,2026-06-15T11:48,realise,non_applicable
RDV-0411,LEAD-2026-0504,essai,USR-04,2026-06-15T10:45,,no_show,faux
RDV-0412,LEAD-2026-0505,visite,USR-02,2026-06-11T21:15,2026-06-11T21:18,realise,non_applicable
RDV-0413,LEAD-2026-0505,essai,USR-06,2026-06-12T20:15,2026-06-12T20:20,realise,faux
RDV-0414,LEAD-2026-0512,visite,USR-02,2026-04-06T13:15,2026-04-06T13:18,realise,non_applicable
RDV-0415,LEAD-2026-0512,essai,USR-05,2026-04-08T11:15,2026-04-08T11:20,realise,faux
RDV-0416,LEAD-2026-0514,visite,USR-02,2026-06-23T16:00,2026-06-23T16:03,realise,non_applicable
RDV-0417,LEAD-2026-0514,essai,USR-06,2026-06-27T10:00,2026-06-27T10:05,realise,vrai
RDV-0418,LEAD-2026-0515,visite,USR-02,2026-05-14T21:45,2026-05-14T21:48,realise,non_applicable
RDV-0419,LEAD-2026-0515,essai,USR-04,2026-05-19T19:45,,no_show,faux
RDV-0420,LEAD-2026-0518,visite,USR-02,2026-04-20T14:30,2026-04-20T14:33,realise,non_applicable
RDV-0421,LEAD-2026-0518,essai,USR-06,2026-04-19T16:30,2026-04-19T16:35,realise,vrai
RDV-0422,LEAD-2026-0528,visite,USR-02,2026-05-28T20:15,2026-05-28T20:18,realise,non_applicable
RDV-0423,LEAD-2026-0528,essai,USR-05,2026-06-03T22:15,,no_show,faux
RDV-0424,LEAD-2026-0529,visite,USR-01,2026-05-09T20:00,2026-05-09T20:03,realise,non_applicable
RDV-0425,LEAD-2026-0535,visite,USR-02,2026-04-09T14:30,2026-04-09T14:33,realise,non_applicable
RDV-0426,LEAD-2026-0535,essai,USR-04,2026-04-12T14:30,,no_show,faux
RDV-0427,LEAD-2026-0536,visite,USR-02,2026-05-28T10:30,2026-05-28T10:33,realise,non_applicable
RDV-0428,LEAD-2026-0536,essai,USR-04,2026-06-02T14:30,2026-06-02T14:35,realise,vrai
RDV-0429,LEAD-2026-0543,visite,USR-02,2026-06-05T15:45,2026-06-05T15:48,realise,non_applicable
RDV-0430,LEAD-2026-0543,essai,USR-06,2026-06-10T19:45,2026-06-10T19:50,realise,vrai
RDV-0431,LEAD-2026-0549,visite,USR-02,2026-05-25T19:00,2026-05-25T19:03,realise,non_applicable
RDV-0432,LEAD-2026-0549,essai,USR-06,2026-05-27T16:00,2026-05-27T16:05,realise,faux
RDV-0433,LEAD-2026-0551,visite,USR-02,2026-05-06T10:15,2026-05-06T10:18,realise,non_applicable
RDV-0434,LEAD-2026-0551,essai,USR-05,2026-05-11T09:15,2026-05-11T09:20,realise,vrai
RDV-0435,LEAD-2026-0552,visite,USR-02,2026-05-06T18:45,2026-05-06T18:48,realise,non_applicable
RDV-0436,LEAD-2026-0552,essai,USR-06,2026-05-10T19:45,2026-05-10T19:50,realise,vrai
RDV-0437,LEAD-2026-0553,visite,USR-02,2026-05-17T16:45,2026-05-17T16:48,realise,non_applicable
RDV-0438,LEAD-2026-0553,essai,USR-05,2026-05-19T16:45,,no_show,faux
RDV-0439,LEAD-2026-0555,visite,USR-02,2026-05-04T23:00,2026-05-04T23:03,realise,non_applicable
RDV-0440,LEAD-2026-0555,essai,USR-04,2026-05-06T22:00,2026-05-06T22:05,realise,vrai
RDV-0441,LEAD-2026-0559,visite,USR-02,2026-05-12T19:00,2026-05-12T19:03,realise,non_applicable
RDV-0442,LEAD-2026-0559,essai,USR-04,2026-05-14T18:00,,no_show,faux
RDV-0443,LEAD-2026-0560,visite,USR-02,2026-04-27T13:15,2026-04-27T13:18,realise,non_applicable
RDV-0444,LEAD-2026-0560,essai,USR-04,2026-05-04T18:15,2026-05-04T18:20,realise,vrai
RDV-0445,LEAD-2026-0565,visite,USR-02,2026-04-08T21:15,2026-04-08T21:18,realise,non_applicable
RDV-0446,LEAD-2026-0565,essai,USR-06,2026-04-13T21:15,2026-04-13T21:20,realise,vrai
RDV-0447,LEAD-2026-0566,visite,USR-02,2026-04-09T19:30,2026-04-09T19:33,realise,non_applicable
RDV-0448,LEAD-2026-0566,essai,USR-06,2026-04-12T14:30,,no_show,faux
RDV-0449,LEAD-2026-0568,visite,USR-02,2026-05-20T19:15,2026-05-20T19:18,realise,non_applicable
RDV-0450,LEAD-2026-0570,visite,USR-02,2026-04-10T16:00,2026-04-10T16:03,realise,non_applicable
RDV-0451,LEAD-2026-0570,essai,USR-04,2026-04-16T19:00,2026-04-16T19:05,realise,vrai
RDV-0452,LEAD-2026-0571,visite,USR-02,2026-05-13T09:45,2026-05-13T09:48,realise,non_applicable
RDV-0453,LEAD-2026-0571,essai,USR-04,2026-05-21T08:45,2026-05-21T08:50,realise,faux
RDV-0454,LEAD-2026-0578,visite,USR-01,2026-05-26T13:30,2026-05-26T13:33,realise,non_applicable
RDV-0455,LEAD-2026-0578,essai,USR-05,2026-05-31T13:30,2026-05-31T13:35,realise,faux
RDV-0456,LEAD-2026-0580,visite,USR-02,2026-06-15T09:15,2026-06-15T09:18,realise,non_applicable
RDV-0457,LEAD-2026-0580,essai,USR-05,2026-06-18T12:15,2026-06-18T12:20,realise,faux
RDV-0458,LEAD-2026-0586,visite,USR-02,2026-05-31T18:45,2026-05-31T18:48,realise,non_applicable
RDV-0459,LEAD-2026-0586,essai,USR-04,2026-06-03T17:45,2026-06-03T17:50,realise,faux
RDV-0460,LEAD-2026-0592,visite,USR-02,2026-05-02T12:30,2026-05-02T12:33,realise,non_applicable
RDV-0461,LEAD-2026-0593,visite,USR-02,2026-06-09T22:15,2026-06-09T22:18,realise,non_applicable
RDV-0462,LEAD-2026-0593,essai,USR-05,2026-06-09T23:15,2026-06-09T23:20,realise,faux
RDV-0463,LEAD-2026-0594,visite,USR-02,2026-06-11T19:00,2026-06-11T19:03,realise,non_applicable
RDV-0464,LEAD-2026-0594,essai,USR-04,2026-06-17T18:00,,no_show,faux
RDV-0465,LEAD-2026-0596,visite,USR-02,2026-04-24T16:15,2026-04-24T16:18,realise,non_applicable
RDV-0466,LEAD-2026-0596,essai,USR-04,2026-04-26T19:15,,no_show,faux
RDV-0467,LEAD-2026-0597,visite,USR-02,2026-06-23T12:45,2026-06-23T12:48,realise,non_applicable
RDV-0468,LEAD-2026-0597,essai,USR-05,2026-06-29T12:45,2026-06-29T12:50,realise,faux
RDV-0469,LEAD-2026-0599,visite,USR-02,2026-06-07T22:15,2026-06-07T22:18,realise,non_applicable
RDV-0470,LEAD-2026-0599,essai,USR-05,2026-06-12T18:15,2026-06-12T18:20,realise,faux
